"","DATE","CATEGORY","PUZZLE","LETTERS","PRIZE","WIN","COMMENTS","RESULT","U","A","B","C","D","E","F","G","H","I","J","K","L","M","N","O","P","Q","R","S","T","V","W","X","Y","Z","Ab","Bb","Cb","Db","Eb","Fb","Gb","Hb","Ib","Jb","Kb","Lb","Mb","Nb","Ob","Pb","Qb","Rb","Sb","Tb","Ub","Vb","Wb","Xb","Yb","Zb"
"1","1-Nov-13","What Are You Doing?","JUMPING AHEAD","D H M A","$35,000","Yes",NA,1,1,2,0,0,1,1,0,1,1,1,1,0,0,1,1,0,1,0,0,0,0,0,0,0,0,0,1,0,0,1,0,0,0,1,0,0,0,0,1,0,0,0,0,0,0,0,0,0,0,0,0,0
"2","8-Nov-13","Phrase","GO ASK YOUR FATHER","C D M O","$35,000","Yes",NA,1,1,2,0,0,0,1,1,1,1,0,0,1,0,0,0,2,0,0,2,1,1,0,0,0,1,0,0,0,1,1,0,0,0,0,0,0,0,0,1,0,1,0,0,0,0,0,0,0,0,0,0,0
"3","12-Nov-13","Phrase","WHAT A HODGEPODGE","C D B I","$40,000","No",NA,0,0,2,0,0,2,2,0,2,2,0,0,0,0,0,0,2,1,0,0,0,1,0,1,0,0,0,0,1,1,1,0,0,0,0,1,0,0,0,0,0,0,0,0,0,0,0,0,0,0,0,0,0
"4","20-Nov-13","Phrase","IN BROAD DAYLIGHT","B M C O H","$30,000","Yes",NA,1,0,2,1,0,2,0,0,1,1,2,0,0,1,0,1,1,0,0,1,0,1,0,0,0,1,0,0,1,1,0,0,0,0,1,0,0,0,0,1,0,1,0,0,0,0,0,0,0,0,0,0,0
"5","21-Nov-13","Place","FRUIT GROVE","P C M A","$30,000","No",NA,0,1,0,0,0,0,1,1,1,0,1,0,0,0,0,0,1,0,0,2,0,1,1,0,0,0,0,1,0,1,0,0,0,0,0,0,0,0,0,1,0,0,1,0,0,0,0,0,0,0,0,0,0
"6","26-Nov-13","Thing","ERUPTING VOLCANO","G C D I","$30,000","No",NA,0,1,1,0,1,0,1,0,1,0,1,0,0,1,0,2,2,1,0,1,0,1,1,0,0,0,0,0,0,1,1,0,0,1,0,1,0,0,0,0,0,0,0,0,0,0,0,0,0,0,0,0,0
"7","28-Nov-13","What Are You Doing?","BABYPROOFING","H M C I","Ford Edge","No",NA,0,0,1,2,0,0,0,1,1,0,1,0,0,0,0,1,2,1,0,1,0,0,0,0,0,1,0,0,0,1,0,0,0,0,1,1,0,0,0,1,0,0,0,0,0,0,0,0,0,0,0,0,0
"8","29-Nov-13","Person","A WORTHY OPPONENT","H C P A","$30,000","Yes",NA,1,0,1,0,0,0,1,0,0,1,0,0,0,0,0,2,3,2,0,1,0,2,0,1,0,1,0,1,0,1,0,0,0,0,1,0,0,0,0,0,0,0,1,0,0,0,0,0,0,0,0,0,0
"9","2-Dec-13","Thing","HITCHING POST","C H M A","$30,000","No",NA,0,0,0,0,1,0,0,0,1,2,2,0,0,0,0,1,1,1,0,0,1,2,0,0,0,0,0,1,0,1,0,0,0,0,1,0,0,0,0,1,0,0,0,0,0,0,0,0,0,0,0,0,0
"10","3-Dec-13","Phrase","THE WHOLE POINT","C H D A","$30,000","No",NA,0,0,0,0,0,0,2,0,0,2,1,0,0,1,0,1,2,1,0,0,0,2,0,1,0,0,0,1,0,1,1,0,0,0,1,0,0,0,0,0,0,0,0,0,0,0,0,0,0,0,0,0,0
"11","4-Dec-13","Thing","CROWD FAVORITE","C F M I","Buick Encore","No","Some pretty easy puzzles, but they just aren't clicking.",0,0,1,0,1,1,1,1,0,0,1,0,0,0,0,0,2,0,0,2,0,1,1,1,0,0,0,0,0,1,0,0,1,0,0,1,0,0,0,1,0,0,0,0,0,0,0,0,0,0,0,0,0
"12","5-Dec-13","Phrase","OVERDOING IT","M D W A","$30,000","No",NA,0,0,0,0,0,1,1,0,1,0,2,0,0,0,0,1,2,0,0,1,0,1,1,0,0,0,0,1,0,0,1,0,0,0,0,0,0,0,0,1,0,0,0,0,0,0,0,0,0,1,0,0,0
"13","6-Dec-13","Phrase","BIG FINISH","M P F I","Buick Encore","Yes","That's more like it.",1,0,0,1,0,0,0,1,1,1,3,0,0,0,0,1,0,0,0,0,1,0,0,0,0,0,0,0,0,0,0,0,1,0,0,1,0,0,0,1,0,0,1,0,0,0,0,0,0,0,0,0,0
"14","9-Dec-13","Phrase","HUMOR ME","B M H O","$45,000","Yes",NA,1,1,0,0,0,0,1,0,0,1,0,0,0,0,2,0,1,0,0,1,0,0,0,0,0,0,0,0,1,0,0,0,0,0,1,0,0,0,0,1,0,1,0,0,0,0,0,0,0,0,0,0,0
"15","10-Dec-13","Place","QUAINT VILLAGE","H M G O","$30,000","Yes","Good job figuring that one out.",1,1,2,0,0,0,1,0,1,0,2,0,0,2,0,1,0,0,1,0,0,1,1,0,0,0,0,0,0,0,0,0,0,1,1,0,0,0,0,1,0,1,0,0,0,0,0,0,0,0,0,0,0
"16","11-Dec-13","Living Thing","GROUNDHOG","C D P O","$35,000","Yes",NA,1,1,0,0,0,1,0,0,2,1,0,0,0,0,0,1,2,0,0,1,0,0,0,0,0,0,0,0,0,1,1,0,0,0,0,0,0,0,0,0,0,1,1,0,0,0,0,0,0,0,0,0,0
"17","12-Dec-13","Thing","FLOOR WAX","P G D A F","$35,000","No",NA,0,0,1,0,0,0,0,1,0,0,0,0,0,1,0,0,2,0,0,1,0,0,0,1,1,0,0,1,0,0,1,0,1,1,0,0,0,0,0,0,0,0,1,0,0,0,0,0,0,0,0,0,0
"18","13-Dec-13","Phrase","HOLD THE PHONE","D H M O","$35,000","Yes",NA,1,0,0,0,0,1,2,0,0,3,0,0,0,1,0,1,2,1,0,0,0,1,0,0,0,0,0,0,0,0,1,0,0,0,1,0,0,0,0,1,0,1,0,0,0,0,0,0,0,0,0,0,0
"19","16-Dec-13","Phrase","MY JAW HIT THE FLOOR","C D G O","$40,000","No","Who says it that way?!",0,0,1,0,0,0,1,1,0,2,1,1,0,1,1,0,2,0,0,1,0,2,0,1,0,1,0,0,0,1,1,0,0,1,0,0,0,0,0,0,0,1,0,0,0,0,0,0,0,0,0,0,0
"20","17-Dec-13","Thing","WICKER HAMPER","K M P O","Mini Cooper convertible","No",NA,0,0,1,0,1,0,2,0,0,1,1,0,1,0,1,0,0,1,0,2,0,0,0,1,0,0,0,0,0,0,0,0,0,0,0,0,0,1,0,1,0,1,1,0,0,0,0,0,0,0,0,0,0
"21","18-Dec-13","Thing","QUIRKY PERSONALITY","C P D A","$30,000","No","Oh, come on!",0,1,1,0,0,0,1,0,0,0,2,0,1,1,0,1,1,1,1,2,1,1,0,0,0,2,0,1,0,1,1,0,0,0,0,0,0,0,0,0,0,0,1,0,0,0,0,0,0,0,0,0,0
"22","19-Dec-13","Thing","COMPUTER JARGON","C D G I","$35,000","No",NA,0,1,1,0,1,0,1,0,1,0,0,1,0,0,1,1,2,1,0,2,0,1,0,0,0,0,0,0,0,1,1,0,0,1,0,1,0,0,0,0,0,0,0,0,0,0,0,0,0,0,0,0,0
"23","20-Dec-13","Phrase","VAGUELY FAMILIAR","C D P O","$30,000","No",NA,0,1,3,0,0,0,1,1,1,0,2,0,0,2,1,0,0,0,0,1,0,0,1,0,0,1,0,0,0,1,1,0,0,0,0,0,0,0,0,0,0,1,1,0,0,0,0,0,0,0,0,0,0
"24","23-Dec-13","Thing","GOOD KARMA","C P M A","$30,000","Yes",NA,1,0,2,0,0,1,0,0,1,0,0,0,1,0,1,0,2,0,0,1,0,0,0,0,0,0,0,1,0,1,0,0,0,0,0,0,0,0,0,1,0,0,1,0,0,0,0,0,0,0,0,0,0
"25","24-Dec-13","Phrase","MOVING UPWARD","D M P A","$30,000","No",NA,0,1,1,0,0,1,0,0,1,0,1,0,0,0,1,1,1,1,0,1,0,0,1,1,0,0,0,1,0,0,1,0,0,0,0,0,0,0,0,1,0,0,1,0,0,0,0,0,0,0,0,0,0
"26","27-Dec-13","Phrase","BY THE POUND","G H B O","$30,000","Yes","That's more like it.",1,1,0,1,0,1,1,0,0,1,0,0,0,0,0,1,1,1,0,0,0,1,0,0,0,1,0,0,1,0,0,0,0,1,1,0,0,0,0,0,0,1,0,0,0,0,0,0,0,0,0,0,0
"27","30-Dec-13","Phrase","BEYOND WORDS","C D H I","$30,000","No",NA,0,0,0,1,0,2,1,0,0,0,0,0,0,0,0,1,2,0,0,1,1,0,0,1,0,1,0,0,0,1,1,0,0,0,1,1,0,0,0,0,0,0,0,0,0,0,0,0,0,0,0,0,0
"28","31-Dec-13","Person","POSTER BOY","M D P A","$30,000","Yes",NA,1,0,0,1,0,0,1,0,0,0,0,0,0,0,0,0,2,1,0,1,1,1,0,0,0,1,0,1,0,0,1,0,0,0,0,0,0,0,0,1,0,0,1,0,0,0,0,0,0,0,0,0,0
"29","2-Jan-14","Food & Drink","CHOWDER","C D F I","$30,000","Yes","Wow, we're being easy on the contestants this week.",1,0,0,0,1,1,1,0,0,1,0,0,0,0,0,0,1,0,0,1,0,0,0,1,0,0,0,0,0,1,1,0,1,0,0,1,0,0,0,0,0,0,0,0,0,0,0,0,0,0,0,0,0
"30","3-Jan-14","Phrase","NICE JOB","C D M A","$30,000","No","Oh well, at least ""NICE PIG"" got a laugh out of me.",0,0,0,1,1,0,1,0,0,0,1,1,0,0,0,1,1,0,0,0,0,0,0,0,0,0,0,1,0,1,1,0,0,0,0,0,0,0,0,1,0,0,0,0,0,0,0,0,0,0,0,0,0
"31","6-Jan-14","Things","PROBING QUESTIONS","G C P I","$30,000","No",NA,0,1,0,1,0,0,1,0,1,0,2,0,0,0,0,2,2,1,1,1,2,1,0,0,0,0,0,0,0,1,0,0,0,1,0,1,0,0,0,0,0,0,1,0,0,0,0,0,0,0,0,0,0
"32","7-Jan-14","Thing","BEDROCK","C H D I","$35,000","Yes",NA,1,0,0,1,1,1,1,0,0,0,0,0,1,0,0,0,1,0,0,1,0,0,0,0,0,0,0,0,0,1,1,0,0,0,1,1,0,0,0,0,0,0,0,0,0,0,0,0,0,0,0,0,0
"33","8-Jan-14","Person","COMPANY BIGWIG","C P H O","$30,000","No",NA,0,0,1,1,1,0,0,0,2,0,2,0,0,0,1,1,1,1,0,0,0,0,0,1,0,1,0,0,0,1,0,0,0,0,1,0,0,0,0,0,0,1,1,0,0,0,0,0,0,0,0,0,0
"34","10-Jan-14","Phrase","I'M ON THE LOOKOUT","M H B I P","$30,000","No",NA,0,1,0,0,0,0,1,0,0,1,1,0,1,1,1,1,4,0,0,0,0,2,0,0,0,0,0,0,1,0,0,0,0,0,1,1,0,0,0,1,0,0,1,0,0,0,0,0,0,0,0,0,0
"35","13-Jan-14","Phrase","QUITE A PAIR","H G C A","$30,000","No",NA,0,1,2,0,0,0,1,0,0,0,2,0,0,0,0,0,0,1,1,1,0,1,0,0,0,0,0,1,0,1,0,0,0,1,1,0,0,0,0,0,0,0,0,0,0,0,0,0,0,0,0,0,0
"36","14-Jan-14","Thing","YOUR HOMEWORK","Y C D O","$30,000","Yes",NA,1,1,0,0,0,0,1,0,0,1,0,0,1,0,1,0,3,0,0,2,0,0,0,1,0,1,0,0,0,1,1,0,0,0,0,0,0,0,0,0,0,1,0,0,0,0,0,0,0,0,0,1,0
"37","15-Jan-14","Thing","BEVELED FRAME","G B H O","$30,000","No",NA,0,0,1,1,0,1,4,1,0,0,0,0,0,1,1,0,0,0,0,1,0,0,1,0,0,0,0,0,1,0,0,0,0,1,1,0,0,0,0,0,0,1,0,0,0,0,0,0,0,0,0,0,0
"38","17-Jan-14","Thing","UPLIFTING SPEECH","C D H A","$40,000","No",NA,0,1,0,0,1,0,2,1,1,1,2,0,0,1,0,1,0,2,0,0,1,1,0,0,0,0,0,1,0,1,1,0,0,0,1,0,0,0,0,0,0,0,0,0,0,0,0,0,0,0,0,0,0
"39","20-Jan-14","Person","JOVIAL HOST","C M B A","$30,000","No",NA,0,0,1,0,0,0,0,0,0,1,1,1,0,1,0,0,2,0,0,0,1,1,1,0,0,0,0,1,1,1,0,0,0,0,0,0,0,0,0,1,0,0,0,0,0,0,0,0,0,0,0,0,0
"40","21-Jan-14","Phrase","JUST GOOGLE IT","D P M I","Volkswagen Beetle convertible","No","Wow, even with the second O, I was stumped.",0,1,0,0,0,0,1,0,2,0,1,1,0,1,0,0,2,0,0,0,1,2,0,0,0,0,0,0,0,0,1,0,0,0,0,1,0,0,0,1,0,0,1,0,0,0,0,0,0,0,0,0,0
"41","22-Jan-14","Phrase","ECONOMY SIZE","M C D O","$30,000","Yes",NA,1,0,0,0,1,0,2,0,0,0,1,0,0,0,1,1,2,0,0,0,1,0,0,0,0,1,1,0,0,1,1,0,0,0,0,0,0,0,0,1,0,1,0,0,0,0,0,0,0,0,0,0,0
"42","28-Jan-14","Things","WITTY PUNS","H F P I","$40,000","No",NA,0,1,0,0,0,0,0,0,0,0,1,0,0,0,0,1,0,1,0,0,1,2,0,1,0,1,0,0,0,0,0,0,1,0,1,1,0,0,0,0,0,0,1,0,0,0,0,0,0,0,0,0,0
"43","29-Jan-14","Things","JUNE JULY AND AUGUST","C M B A","$35,000","No","Why do they insist on calling months Thing instead of Event?",0,4,2,0,0,1,1,0,1,0,0,2,0,1,0,2,0,0,0,0,1,1,0,0,0,1,0,1,1,1,0,0,0,0,0,0,0,0,0,1,0,0,0,0,0,0,0,0,0,0,0,0,0
"44","30-Jan-14","Thing","GUTSY CHOICE","G C H O","$30,000","Yes",NA,1,1,0,0,2,0,1,0,1,1,1,0,0,0,0,0,1,0,0,0,1,1,0,0,0,1,0,0,0,1,0,0,0,1,1,0,0,0,0,0,0,1,0,0,0,0,0,0,0,0,0,0,0
"45","3-Feb-14","Food & Drink","SPICY GUACAMOLE","C P M I","$30,000","Yes",NA,1,1,2,0,2,0,1,0,1,0,1,0,0,1,1,0,1,1,0,0,1,0,0,0,0,1,0,0,0,1,0,0,0,0,0,1,0,0,0,1,0,0,1,0,0,0,0,0,0,0,0,0,0
"46","4-Feb-14","Thing","PREVAILING WIND","C D M A","Audi Convertible","No",NA,0,0,1,0,0,1,1,0,1,0,3,0,0,1,0,2,0,1,0,1,0,0,1,1,0,0,0,1,0,1,1,0,0,0,0,0,0,0,0,1,0,0,0,0,0,0,0,0,0,0,0,0,0
"47","5-Feb-14","Phrase","A RISK WORTH TAKING","C D M O","$30,000","Yes",NA,1,0,2,0,0,0,0,0,1,1,2,0,2,0,0,1,1,0,0,2,1,2,0,1,0,0,0,0,0,1,1,0,0,0,0,0,0,0,0,1,0,1,0,0,0,0,0,0,0,0,0,0,0
"48","6-Feb-14","Phrase","WHAT A HOOT","B H D A","$50,000","Yes",NA,1,0,2,0,0,0,0,0,0,2,0,0,0,0,0,0,2,0,0,0,0,2,0,1,0,0,0,1,1,0,1,0,0,0,1,0,0,0,0,0,0,0,0,0,0,0,0,0,0,0,0,0,0
"49","7-Feb-14","Thing","LOGICAL OUTCOME","A B C D","$30,000","No",NA,0,1,1,0,2,0,1,0,1,0,1,0,0,2,1,0,3,0,0,0,0,1,0,0,0,0,0,1,1,1,1,0,0,0,0,0,0,0,0,0,0,0,0,0,0,0,0,0,0,0,0,0,0
"50","10-Feb-14","Thing","BACKUP PLAN","P D M A C","$50,000","Yes",NA,1,1,2,1,1,0,0,0,0,0,0,0,1,1,0,1,0,2,0,0,0,0,0,0,0,0,0,1,0,1,1,0,0,0,0,0,0,0,0,1,0,0,1,0,0,0,0,0,0,0,0,0,0
"51","11-Feb-14","Things","FAMILY VALUES","C D M I","$30,000","No",NA,0,1,2,0,0,0,1,1,0,0,1,0,0,2,1,0,0,0,0,0,1,0,1,0,0,1,0,0,0,1,1,0,0,0,0,1,0,0,0,1,0,0,0,0,0,0,0,0,0,0,0,0,0
"52","12-Feb-14","Thing","ITCHY PALM","C H D O","$30,000","Yes","Wow, they just barely got that one in.",1,0,1,0,1,0,0,0,0,1,1,0,0,1,1,0,0,1,0,0,0,1,0,0,0,1,0,0,0,1,1,0,0,0,1,0,0,0,0,0,0,1,0,0,0,0,0,0,0,0,0,0,0
"53","13-Feb-14","Place","MAJOR HUB","P C D A","$30,000","No",NA,0,1,1,1,0,0,0,0,0,1,0,1,0,0,1,0,1,0,0,1,0,0,0,0,0,0,0,1,0,1,1,0,0,0,0,0,0,0,0,0,0,0,1,0,0,0,0,0,0,0,0,0,0
"54","17-Feb-14","What Are You Doing?","WAFFLING","C G M A","$30,000","No",NA,0,0,1,0,0,0,0,2,1,0,1,0,0,1,0,1,0,0,0,0,0,0,0,1,0,0,0,1,0,1,0,0,0,1,0,0,0,0,0,1,0,0,0,0,0,0,0,0,0,0,0,0,0
"55","18-Feb-14","Thing","CHOREOGRAPHY","D B M A","Chevy Camaro","No",NA,0,0,1,0,1,0,1,0,1,2,0,0,0,0,0,0,2,1,0,2,0,0,0,0,0,1,0,1,1,0,1,0,0,0,0,0,0,0,0,1,0,0,0,0,0,0,0,0,0,0,0,0,0
"56","19-Feb-14","Thing","LOCKER KEY","B D P A","$30,000","No",NA,0,0,0,0,1,0,2,0,0,0,0,0,2,1,0,0,1,0,0,1,0,0,0,0,0,1,0,1,1,0,1,0,0,0,0,0,0,0,0,0,0,0,1,0,0,0,0,0,0,0,0,0,0
"57","20-Feb-14","Phrase","GOBBLED UP","P M W A","$35,000","No",NA,0,1,0,2,0,1,1,0,1,0,0,0,0,1,0,0,1,1,0,0,0,0,0,0,0,0,0,1,0,0,0,0,0,0,0,0,0,0,0,1,0,0,1,0,0,0,0,0,0,1,0,0,0
"58","21-Feb-14","Thing","JUNCTION","H B C O","$50,000","Yes","That's more like it.",1,1,0,0,1,0,0,0,0,0,1,1,0,0,0,2,1,0,0,0,0,1,0,0,0,0,0,0,1,1,0,0,0,0,1,0,0,0,0,0,0,1,0,0,0,0,0,0,0,0,0,0,0
"59","24-Feb-14","Thing","BODY OF WORK","C D P O","$40,000","Yes",NA,1,0,0,1,0,1,0,1,0,0,0,0,1,0,0,0,3,0,0,1,0,0,0,1,0,1,0,0,0,1,1,0,0,0,0,0,0,0,0,0,0,1,1,0,0,0,0,0,0,0,0,0,0
"60","25-Feb-14","Phrase","I'VE GOT HIGH HOPES","C D M O","$35,000","No",NA,0,0,0,0,0,0,2,0,2,3,2,0,0,0,0,0,2,1,0,0,1,1,1,0,0,0,0,0,0,1,1,0,0,0,0,0,0,0,0,1,0,1,0,0,0,0,0,0,0,0,0,0,0
"61","26-Feb-14","Things","VISUAL EFFECTS","H D M A","$30,000","No",NA,0,1,1,0,1,0,2,2,0,0,1,0,0,1,0,0,0,0,0,0,2,1,1,0,0,0,0,1,0,0,1,0,0,0,1,0,0,0,0,1,0,0,0,0,0,0,0,0,0,0,0,0,0
"62","27-Feb-14","Thing","COMPANY POLICY","B F P O M","$30,000","Yes",NA,1,0,1,0,2,0,0,0,0,0,1,0,0,1,1,1,2,2,0,0,0,0,0,0,0,2,0,0,1,0,0,0,1,0,0,0,0,0,0,1,0,1,1,0,0,0,0,0,0,0,0,0,0
"63","28-Feb-14","Phrase","HOMEWARD BOUND","D P F I M","$45,000","No","Why is it that with the easy puzzles, they always tend to pick the only common letters that don't help them?",0,1,1,1,0,2,1,0,0,1,0,0,0,0,1,1,2,0,0,1,0,0,0,1,0,0,0,0,0,0,1,0,1,0,0,1,0,0,0,1,0,0,1,0,0,0,0,0,0,0,0,0,0
"64","3-Mar-14","Thing","BOX OF BAKING SODA","P H F O","$30,000","No",NA,0,0,2,2,0,1,0,1,1,0,1,0,1,0,0,1,3,0,0,0,1,0,0,0,1,0,0,0,0,0,0,0,1,0,1,0,0,0,0,0,0,1,1,0,0,0,0,0,0,0,0,0,0
"65","4-Mar-14","What Are You Doing?","WINDOW-SHOPPING","G D M O","$30,000","Yes",NA,1,0,0,0,0,1,0,0,1,1,2,0,0,0,0,2,2,2,0,0,1,0,0,2,0,0,0,0,0,0,1,0,0,1,0,0,0,0,0,1,0,1,0,0,0,0,0,0,0,0,0,0,0
"66","5-Mar-14","Thing","OPEN VAULT","P M D I","$50,000","No",NA,0,1,1,0,0,0,1,0,0,0,0,0,0,1,0,1,1,1,0,0,0,1,1,0,0,0,0,0,0,0,1,0,0,0,0,1,0,0,0,1,0,0,1,0,0,0,0,0,0,0,0,0,0
"67","6-Mar-14","Phrase","SOMEWHAT OF A SURPRISE","M W P A","$35,000","Yes",NA,1,1,2,0,0,0,2,1,0,1,1,0,0,0,1,0,2,1,0,2,3,1,0,1,0,0,0,1,0,0,0,0,0,0,0,0,0,0,0,1,0,0,1,0,0,0,0,0,0,1,0,0,0
"68","10-Mar-14","Thing","WOVEN HANDBAG","M P D A","$30,000","No",NA,0,0,2,1,0,1,1,0,1,1,0,0,0,0,0,2,1,0,0,0,0,0,1,1,0,0,0,1,0,0,1,0,0,0,0,0,0,0,0,1,0,0,1,0,0,0,0,0,0,0,0,0,0
"69","11-Mar-14","Thing","HOT PROSPECT","C W M O","$45,000","Yes","Wow, only one wedge away from the million...",1,0,0,0,1,0,1,0,0,1,0,0,0,0,0,0,2,2,0,1,1,2,0,0,0,0,0,0,0,1,0,0,0,0,0,0,0,0,0,1,0,1,0,0,0,0,0,0,0,1,0,0,0
"70","13-Mar-14","Phrase","FRESH APPROACH","P G M A","$30,000","No","At least they tried.",0,0,2,0,1,0,1,1,0,2,0,0,0,0,0,0,1,2,0,2,1,0,0,0,0,0,0,1,0,0,0,0,0,1,0,0,0,0,0,1,0,0,1,0,0,0,0,0,0,0,0,0,0
"71","17-Mar-14","Thing","CHOPPED FIREWOOD","C H D A","Volkswagen Passat","No",NA,0,0,0,0,1,2,2,1,0,1,1,0,0,0,0,0,3,2,0,1,0,0,0,1,0,0,0,1,0,1,1,0,0,0,1,0,0,0,0,0,0,0,0,0,0,0,0,0,0,0,0,0,0
"72","18-Mar-14","What Are You Doing?","EVOLVING","M P G A C","$30,000","No",NA,0,0,0,0,0,0,1,0,1,0,1,0,0,1,0,1,1,0,0,0,0,0,2,0,0,0,0,1,0,1,0,0,0,1,0,0,0,0,0,1,0,0,1,0,0,0,0,0,0,0,0,0,0
"73","19-Mar-14","Thing","NEW BABY BUGGY","H M D O","$45,000","Yes","Amazing job on that one!",1,1,1,3,0,0,1,0,2,0,0,0,0,0,0,1,0,0,0,0,0,0,0,1,0,2,0,0,0,0,1,0,0,0,1,0,0,0,0,1,0,1,0,0,0,0,0,0,0,0,0,0,0
"74","20-Mar-14","Thing","GROUNDBREAKING WORK","F G Y I","$30,000","No",NA,0,1,1,1,0,1,1,0,2,0,1,0,2,0,0,2,2,0,0,3,0,0,0,1,0,0,0,0,0,0,0,0,1,1,0,1,0,0,0,0,0,0,0,0,0,0,0,0,0,0,0,1,0
"75","21-Mar-14","Thing","FINAL COUNTDOWN","F G Y I","F M P I","Yes",NA,1,1,1,0,1,1,0,1,0,0,1,0,0,1,0,3,2,0,0,0,0,1,0,1,0,0,0,0,0,0,0,0,1,1,0,1,0,0,0,0,0,0,0,0,0,0,0,0,0,0,0,1,0
"76","24-Mar-14","Thing","COMPLIMENTARY UPGRADE","C D P O","$40,000","No","Close but no cigar. Also, where is the $100,000 hiding?!",0,1,2,0,1,1,2,0,1,0,1,0,0,1,2,1,1,2,0,2,0,1,0,0,0,1,0,0,0,1,1,0,0,0,0,0,0,0,0,0,0,1,1,0,0,0,0,0,0,0,0,0,0
"77","25-Mar-14","What Are You Doing?","BACKPEDALING","M D G A","$30,000","No",NA,0,0,2,1,1,1,1,0,1,0,1,0,1,1,0,1,0,1,0,0,0,0,0,0,0,0,0,1,0,0,1,0,0,1,0,0,0,0,0,1,0,0,0,0,0,0,0,0,0,0,0,0,0
"78","26-Mar-14","Event","TAKING FLIGHT","H C D A M","$40,000","No",NA,0,0,1,0,0,0,0,1,2,1,2,0,1,1,0,1,0,0,0,0,0,2,0,0,0,0,0,1,0,1,1,0,0,0,1,0,0,0,0,1,0,0,0,0,0,0,0,0,0,0,0,0,0
"79","27-Mar-14","Things","JACUZZI BUBBLES","H P C I","$35,000","No","You know, you're not gonna get wins if you keep giving them puzzles like that!",0,2,1,3,1,0,1,0,0,0,1,1,0,1,0,0,0,0,0,0,1,0,0,0,0,0,2,0,0,1,0,0,0,0,1,1,0,0,0,0,0,0,1,0,0,0,0,0,0,0,0,0,0
"80","28-Mar-14","Thing","BUSINESS SAVVY","G B C A M","$30,000","No",NA,0,1,1,1,0,0,1,0,0,0,1,0,0,0,0,1,0,0,0,0,4,0,2,0,0,1,0,1,1,1,0,0,0,1,0,0,0,0,0,1,0,0,0,0,0,0,0,0,0,0,0,0,0
"81","31-Mar-14","Thing","A BRIEF EXPLANATION","P H D A","$30,000","Yes",NA,1,0,3,1,0,0,2,1,0,0,2,0,0,1,0,2,1,1,0,1,0,1,0,0,1,0,0,1,0,0,1,0,0,0,1,0,0,0,0,0,0,0,1,0,0,0,0,0,0,0,0,0,0
"82","1-Apr-14","Phrase","WORKS WONDERS","C D M O","$30,000","No","How did you not get that?",0,0,0,0,0,1,1,0,0,0,0,0,1,0,0,1,2,0,0,2,2,0,0,2,0,0,0,0,0,1,1,0,0,0,0,0,0,0,0,1,0,1,0,0,0,0,0,0,0,0,0,0,0
"83","2-Apr-14","Occupation","OPTICIAN","C H G I","$40,000","No","How did you not get that?",0,0,1,0,1,0,0,0,0,0,2,0,0,0,0,1,1,1,0,0,0,1,0,0,0,0,0,0,0,1,0,0,0,1,1,1,0,0,0,0,0,0,0,0,0,0,0,0,0,0,0,0,0
"84","3-Apr-14","Thing","PSYCHOLOGY","H P B O","$30,000","Yes",NA,1,0,0,0,1,0,0,0,1,1,0,0,0,1,0,0,2,1,0,0,1,0,0,0,0,2,0,0,1,0,0,0,0,0,1,0,0,0,0,0,0,1,1,0,0,0,0,0,0,0,0,0,0
"85","4-Apr-14","Thing","BLOG POST","B C M A","$45,000","No",NA,0,0,0,1,0,0,0,0,1,0,0,0,0,1,0,0,2,1,0,0,1,1,0,0,0,0,0,1,1,1,0,0,0,0,0,0,0,0,0,1,0,0,0,0,0,0,0,0,0,0,0,0,0
"86","7-Apr-14","People","OVERACHIEVERS","D C M A","$30,000","No",NA,0,0,1,0,1,0,3,0,0,1,1,0,0,0,0,0,1,0,0,2,1,0,2,0,0,0,0,1,0,1,1,0,0,0,0,0,0,0,0,1,0,0,0,0,0,0,0,0,0,0,0,0,0
"87","10-Apr-14","Phrase","HAVING AN IMPACT","D H G O","$30,000","No",NA,0,0,3,0,1,0,0,0,1,1,2,0,0,0,1,2,0,1,0,0,0,1,1,0,0,0,0,0,0,0,1,0,0,1,1,0,0,0,0,0,0,1,0,0,0,0,0,0,0,0,0,0,0
"88","11-Apr-14","Person","TOP DRAFT PICK","H M D I","$30,000","No",NA,0,0,1,0,1,1,0,1,0,0,1,0,1,0,0,0,1,2,0,1,0,2,0,0,0,0,0,0,0,0,1,0,0,0,1,1,0,0,0,1,0,0,0,0,0,0,0,0,0,0,0,0,0
"89","14-Apr-14","Person","WEALTHY WOMAN","C D P A","$30,000","No","And yet another contestant gets tunnel vision.",0,0,2,0,0,0,1,0,0,1,0,0,0,1,1,1,1,0,0,0,0,1,0,2,0,1,0,1,0,1,1,0,0,0,0,0,0,0,0,0,0,0,1,0,0,0,0,0,0,0,0,0,0
"90","15-Apr-14","Living Thing","NEWBORN PUPPY","C P M O","$50,000","Yes",NA,1,1,0,1,0,0,1,0,0,0,0,0,0,0,0,2,1,3,0,1,0,0,0,1,0,1,0,0,0,1,0,0,0,0,0,0,0,0,0,1,0,1,1,0,0,0,0,0,0,0,0,0,0
"91","16-Apr-14","Things","HOURS OF OPERATION","C D M A","$30,000","No",NA,0,1,1,0,0,0,1,1,0,1,1,0,0,0,0,1,4,1,0,2,1,1,0,0,0,0,0,1,0,1,1,0,0,0,0,0,0,0,0,1,0,0,0,0,0,0,0,0,0,0,0,0,0
"92","17-Apr-14","Thing","BREEZY DAY","C M G O","$30,000","No",NA,0,0,1,1,0,1,2,0,0,0,0,0,0,0,0,0,0,0,0,1,0,0,0,0,0,2,1,0,0,1,0,0,0,1,0,0,0,0,0,1,0,1,0,0,0,0,0,0,0,0,0,0,0
"93","18-Apr-14","Phrase","DOWNRIGHT HILARIOUS","M B P I","Volkswagen Eos convertible","No",NA,0,1,1,0,0,1,0,0,1,2,3,0,0,1,0,1,2,0,0,2,1,1,0,1,0,0,0,0,1,0,0,0,0,0,0,1,0,0,0,1,0,0,1,0,0,0,0,0,0,0,0,0,0
"94","21-Apr-14","Phrase","SCOOT OVER","C D H O","$40,000","Yes",NA,1,0,0,0,1,0,1,0,0,0,0,0,0,0,0,0,3,0,0,1,1,1,1,0,0,0,0,0,0,1,1,0,0,0,1,0,0,0,0,0,0,1,0,0,0,0,0,0,0,0,0,0,0
"95","22-Apr-14","Thing","HOBBYHORSE","C M D O","$45,000","No",NA,0,0,0,2,0,0,1,0,0,2,0,0,0,0,0,0,2,0,0,1,1,0,0,0,0,1,0,0,0,1,1,0,0,0,0,0,0,0,0,1,0,1,0,0,0,0,0,0,0,0,0,0,0
"96","23-Apr-14","Phrase","DIVERSE BACKGROUNDS","D C M A G","$30,000","Yes",NA,1,1,1,1,1,2,2,0,1,0,1,0,1,0,0,1,1,0,0,2,2,0,1,0,0,0,0,1,0,1,1,0,0,1,0,0,0,0,0,1,0,0,0,0,0,0,0,0,0,0,0,0,0
"97","24-Apr-14","People","QUALIFIED APPLICANTS","C M P A","$30,000","No",NA,0,1,3,0,1,1,1,1,0,0,3,0,0,2,0,1,0,2,1,0,1,1,0,0,0,0,0,1,0,1,0,0,0,0,0,0,0,0,0,1,0,0,1,0,0,0,0,0,0,0,0,0,0
"98","28-Apr-14","Person","A SOPHOMORE","M P D O","$30,000","Yes",NA,1,0,1,0,0,0,1,0,0,1,0,0,0,0,1,0,3,1,0,1,1,0,0,0,0,0,0,0,0,0,1,0,0,0,0,0,0,0,0,1,0,1,1,0,0,0,0,0,0,0,0,0,0
"99","29-Apr-14","Phrase","WEIGHING MY OPTIONS","F G P O","$30,000","No",NA,0,0,0,0,0,0,1,0,2,1,3,0,0,0,1,2,2,1,0,0,1,1,0,1,0,1,0,0,0,0,0,0,1,1,0,0,0,0,0,0,0,1,1,0,0,0,0,0,0,0,0,0,0
"100","1-May-14","Thing","VALIANT EFFORT","V F Z O","$30,000","Yes",NA,1,0,2,0,0,0,1,2,0,0,1,0,0,1,0,1,1,0,0,1,0,2,1,0,0,0,0,0,0,0,0,0,1,0,0,0,0,0,0,0,0,1,0,0,0,0,0,0,1,0,0,0,1
"101","2-May-14","Thing","BIKE PUMP","M C P A","$30,000","No",NA,0,1,0,1,0,0,1,0,0,0,1,0,1,0,1,0,0,2,0,0,0,0,0,0,0,0,0,1,0,1,0,0,0,0,0,0,0,0,0,1,0,0,1,0,0,0,0,0,0,0,0,0,0
"102","5-May-14","Thing","RAPID GROWTH","D M C A","$30,000","No",NA,0,0,1,0,0,1,0,0,1,1,1,0,0,0,0,0,1,1,0,2,0,1,0,1,0,0,0,1,0,1,1,0,0,0,0,0,0,0,0,1,0,0,0,0,0,0,0,0,0,0,0,0,0
"103","6-May-14","Thing","KANGAROO POUCH","C G P O","$45,000","Yes",NA,1,1,2,0,1,0,0,0,1,1,0,0,1,0,0,1,3,1,0,1,0,0,0,0,0,0,0,0,0,1,0,0,0,1,0,0,0,0,0,0,0,1,1,0,0,0,0,0,0,0,0,0,0
"104","12-May-14","Phrase","STAY AFLOAT","Y M P A","$50,000","No",NA,0,0,3,0,0,0,0,1,0,0,0,0,0,1,0,0,1,0,0,0,1,2,0,0,0,1,0,1,0,0,0,0,0,0,0,0,0,0,0,1,0,0,1,0,0,0,0,0,0,0,0,1,0
"105","13-May-14","Thing","VIVID IMAGINATION","D H B O","$35,000","No",NA,0,0,2,0,0,1,0,0,1,0,5,0,0,0,1,2,1,0,0,0,0,1,2,0,0,0,0,0,1,0,1,0,0,0,1,0,0,0,0,0,0,1,0,0,0,0,0,0,0,0,0,0,0
"106","14-May-14","Food & Drink","CAKE ICING","M D B I","$30,000","No",NA,0,0,1,0,2,0,1,0,1,0,2,0,1,0,0,1,0,0,0,0,0,0,0,0,0,0,0,0,1,0,1,0,0,0,0,1,0,0,0,1,0,0,0,0,0,0,0,0,0,0,0,0,0
"107","15-May-14","Thing","HEAVENLY BODY","Y C H A D","$35,000","Yes",NA,1,0,1,1,0,1,2,0,0,1,0,0,0,1,0,1,1,0,0,0,0,0,1,0,0,2,0,1,0,1,1,0,0,0,1,0,0,0,0,0,0,0,0,0,0,0,0,0,0,0,0,1,0
"108","19-May-14","Thing","UNSOLICITED ADVICE","D H C U","$30,000","Yes",NA,1,1,1,0,2,2,2,0,0,0,3,0,0,1,0,1,1,0,0,0,1,1,1,0,0,0,0,0,0,1,1,0,0,0,1,0,0,0,0,0,0,0,0,0,0,0,0,1,0,0,0,0,0
"109","20-May-14","Fun & Games","BACKYARD SWING SET","D Y C O","Ford Flex","Yes",NA,1,0,2,1,1,1,1,0,1,0,1,0,1,0,0,1,0,0,0,1,2,1,0,1,0,1,0,0,0,1,1,0,0,0,0,0,0,0,0,0,0,1,0,0,0,0,0,0,0,0,0,1,0
"110","21-May-14","Phrase","STATE OF EUPHORIA","C F P O","$30,000","Yes",NA,1,1,2,0,0,0,2,1,0,1,1,0,0,0,0,0,2,1,0,1,1,2,0,0,0,0,0,0,0,1,0,0,1,0,0,0,0,0,0,0,0,1,1,0,0,0,0,0,0,0,0,0,0
"111","22-May-14","Phrase","DON'T QUIBBLE","G H D A","$40,000","No",NA,0,1,0,2,0,1,1,0,0,0,1,0,0,1,0,1,1,0,1,0,0,1,0,0,0,0,0,1,0,0,1,0,0,1,1,0,0,0,0,0,0,0,0,0,0,0,0,0,0,0,0,0,0
"112","26-May-14","Thing","UNANIMOUS VOTE","D G H O","$45,000","No",NA,0,2,1,0,0,0,1,0,0,0,1,0,0,0,1,2,2,0,0,0,1,1,1,0,0,0,0,0,0,0,1,0,0,1,1,0,0,0,0,0,0,1,0,0,0,0,0,0,0,0,0,0,0
"113","27-May-14","Phrase","MIX IT UP","M B H I","$30,000","Yes",NA,1,1,0,0,0,0,0,0,0,0,2,0,0,0,1,0,0,1,0,0,0,1,0,0,1,0,0,0,1,0,0,0,0,0,1,1,0,0,0,1,0,0,0,0,0,0,0,0,0,0,0,0,0
"114","28-May-14","Thing","BABY GRAND","P C G I","$30,000","No",NA,0,0,2,2,0,1,0,0,1,0,0,0,0,0,0,1,0,0,0,1,0,0,0,0,0,1,0,0,0,1,0,0,0,1,0,1,0,0,0,0,0,0,1,0,0,0,0,0,0,0,0,0,0
"115","2-Jun-14","Thing","HIRING PROCESS","P M D A","Volkswagen Eos","No",NA,0,0,0,0,1,0,1,0,1,1,2,0,0,0,0,1,1,1,0,2,2,0,0,0,0,0,0,1,0,0,1,0,0,0,0,0,0,0,0,1,0,0,1,0,0,0,0,0,0,0,0,0,0
"116","3-Jun-14","Phrase","AMONG FRIENDS","D F C O","$30,000","No",NA,0,0,1,0,0,1,1,1,1,0,1,0,0,0,1,2,1,0,0,1,1,0,0,0,0,0,0,0,0,1,1,0,1,0,0,0,0,0,0,0,0,1,0,0,0,0,0,0,0,0,0,0,0
"117","4-Jun-14","Thing","DOG BOWL","G C D A","$100,000","Yes","About time.",1,0,0,1,0,1,0,0,1,0,0,0,0,1,0,0,2,0,0,0,0,0,0,1,0,0,0,1,0,1,1,0,0,1,0,0,0,0,0,0,0,0,0,0,0,0,0,0,0,0,0,0,0
"118","5-Jun-14","Place","BUSY BOULEVARD","C D M A","$45,000","No",NA,0,2,1,2,0,1,1,0,0,0,0,0,0,1,0,0,1,0,0,1,1,0,1,0,0,1,0,1,0,1,1,0,0,0,0,0,0,0,0,1,0,0,0,0,0,0,0,0,0,0,0,0,0
"119","6-Jun-14","Person","YOUR BIGGEST FAN","Y H G O","$35,000","Yes",NA,1,1,1,1,0,0,1,1,2,0,1,0,0,0,0,1,1,0,0,1,1,1,0,0,0,1,0,0,0,0,0,0,0,1,1,0,0,0,0,0,0,1,0,0,0,0,0,0,0,0,0,1,0
"120","10-Jun-14","Phrase","POINT AND CLICK","C D M O","$30,000","Yes",NA,1,0,1,0,2,1,0,0,0,0,2,0,1,1,0,2,1,1,0,0,0,1,0,0,0,0,0,0,0,1,1,0,0,0,0,0,0,0,0,1,0,1,0,0,0,0,0,0,0,0,0,0,0
"121","11-Jun-14","Thing","DIGITAL DOWNLOAD","C H Y O","$30,000","No",NA,0,0,2,0,0,3,0,0,1,0,2,0,0,2,0,1,2,0,0,0,0,1,0,1,0,0,0,0,0,1,0,0,0,0,1,0,0,0,0,0,0,1,0,0,0,0,0,0,0,0,0,1,0
"122","12-Jun-14","Event","JOYOUS OCCASION","C D M O","$35,000","Yes",NA,1,1,1,0,2,0,0,0,0,0,1,1,0,0,0,1,4,0,0,0,2,0,0,0,0,1,0,0,0,1,1,0,0,0,0,0,0,0,0,1,0,1,0,0,0,0,0,0,0,0,0,0,0
"123","13-Jun-14","Phrase","FULLY GROWN","D M P O","Chevy Tahoe","No",NA,0,1,0,0,0,0,0,1,1,0,0,0,0,2,0,1,1,0,0,1,0,0,0,1,0,1,0,0,0,0,1,0,0,0,0,0,0,0,0,1,0,1,1,0,0,0,0,0,0,0,0,0,0
"124","15-Sep-14","Thing","VALIDATION","H C O D","$32,000","No","No, that's not a typo; that is the new minimum amount.",0,0,2,0,0,1,0,0,0,0,2,0,0,1,0,1,1,0,0,0,0,1,1,0,0,0,0,0,0,1,1,0,0,0,1,0,0,0,0,0,0,1,0,0,0,0,0,0,0,0,0,0,0
"125","22-Sep-14","Event","JAZZ FESTIVAL","F H M O","$32,000","No",NA,0,0,2,0,0,0,1,1,0,0,1,1,0,1,0,0,0,0,0,0,1,1,1,0,0,0,2,0,0,0,0,0,1,0,1,0,0,0,0,1,0,1,0,0,0,0,0,0,0,0,0,0,0
"126","23-Sep-14","Living Things","ADORABLE PUPPIES","D C H O","$32,000","Yes",NA,1,1,2,1,0,1,2,0,0,0,1,0,0,1,0,0,1,3,0,1,1,0,0,0,0,0,0,0,0,1,1,0,0,0,1,0,0,0,0,0,0,1,0,0,0,0,0,0,0,0,0,0,0
"127","24-Sep-14","Thing","VALUABLE CARGO","C D H A M","Nissan Leaf","No",NA,0,1,3,1,1,0,1,0,1,0,0,0,0,2,0,0,1,0,0,1,0,0,1,0,0,0,0,1,0,1,1,0,0,0,1,0,0,0,0,1,0,0,0,0,0,0,0,0,0,0,0,0,0
"128","26-Sep-14","Things","PAPERBACKS","D M G I","$32,000","No",NA,0,0,2,1,1,0,1,0,0,0,0,0,1,0,0,0,0,2,0,1,1,0,0,0,0,0,0,0,0,0,1,0,0,1,0,1,0,0,0,1,0,0,0,0,0,0,0,0,0,0,0,0,0
"129","29-Sep-14","What Are You Doing?","GOING BACKSTAGE","D G M A","$32,000","Yes",NA,1,0,2,1,1,0,1,0,3,0,1,0,1,0,0,1,1,0,0,0,1,1,0,0,0,0,0,1,0,0,1,0,0,1,0,0,0,0,0,1,0,0,0,0,0,0,0,0,0,0,0,0,0
"130","30-Sep-14","Thing","GUIDED TOUR","P H D O","$32,000","No",NA,0,2,0,0,0,2,1,0,1,0,1,0,0,0,0,0,1,0,0,1,0,1,0,0,0,0,0,0,0,0,1,0,0,0,1,0,0,0,0,0,0,1,1,0,0,0,0,0,0,0,0,0,0
"131","1-Oct-14","Thing","MOBILE DEVICE","H D M O","$32,000","Yes",NA,1,0,0,1,1,1,3,0,0,0,2,0,0,1,1,0,1,0,0,0,0,0,1,0,0,0,0,0,0,0,1,0,0,0,1,0,0,0,0,1,0,1,0,0,0,0,0,0,0,0,0,0,0
"132","2-Oct-14","Phrase","JUMP ON THE BANDWAGON","D P M O","$40,000","Yes",NA,1,1,2,1,0,1,1,0,1,1,0,1,0,0,1,3,2,1,0,0,0,1,0,1,0,0,0,0,0,0,1,0,0,0,0,0,0,0,0,1,0,1,1,0,0,0,0,0,0,0,0,0,0
"133","3-Oct-14","Phrase","IT TAKES KNOW-HOW","M C D I","Ford C-Max Hybrid","No",NA,0,0,1,0,0,0,1,0,0,1,1,0,2,0,0,1,2,0,0,0,1,2,0,2,0,0,0,0,0,1,1,0,0,0,0,1,0,0,0,1,0,0,0,0,0,0,0,0,0,0,0,0,0
"134","7-Oct-14","Person","LUCKY GUY","C D M O","$32,000","Yes","Wow, he just barely got it. A lucky guy indeed.",1,2,0,0,1,0,0,0,1,0,0,0,1,1,0,0,0,0,0,0,0,0,0,0,0,2,0,0,0,1,1,0,0,0,0,0,0,0,0,1,0,1,0,0,0,0,0,0,0,0,0,0,0
"135","13-Oct-14","Phrase","THAT WORKS","C H D A","$32,000","No",NA,0,0,1,0,0,0,0,0,0,1,0,0,1,0,0,0,1,0,0,1,1,2,0,1,0,0,0,1,0,1,1,0,0,0,1,0,0,0,0,0,0,0,0,0,0,0,0,0,0,0,0,0,0
"136","14-Oct-14","Person","TUBA PLAYER","P M C A","$32,000","Yes",NA,1,1,2,1,0,0,1,0,0,0,0,0,0,1,0,0,0,1,0,1,0,1,0,0,0,1,0,1,0,1,0,0,0,0,0,0,0,0,0,1,0,0,1,0,0,0,0,0,0,0,0,0,0
"137","16-Oct-14","Phrase","IN HOG HEAVEN","D M B A C","$32,000","No",NA,0,0,1,0,0,0,2,0,1,2,1,0,0,0,0,2,1,0,0,0,0,0,1,0,0,0,0,1,1,1,1,0,0,0,0,0,0,0,0,1,0,0,0,0,0,0,0,0,0,0,0,0,0
"138","17-Oct-14","Thing","EMPTY COOKIE JAR","C H M A W","$32,000","No",NA,0,0,1,0,1,0,2,0,0,0,1,1,1,0,1,0,2,1,0,1,0,1,0,0,0,1,0,1,0,1,0,0,0,0,1,0,0,0,0,1,0,0,0,0,0,0,0,0,0,1,0,0,0
"139","20-Oct-14","Phrase","PICK UP THE PHONE","P C H O","$32,000","Yes",NA,1,1,0,0,1,0,2,0,0,2,1,0,1,0,0,1,1,3,0,0,0,1,0,0,0,0,0,0,0,1,0,0,0,0,1,0,0,0,0,0,0,1,1,0,0,0,0,0,0,0,0,0,0
"140","21-Oct-14","Thing","HIGH GEAR","C D M O","$45,000","No",NA,0,0,1,0,0,0,1,0,2,2,1,0,0,0,0,0,0,0,0,1,0,0,0,0,0,0,0,0,0,1,1,0,0,0,0,0,0,0,0,1,0,1,0,0,0,0,0,0,0,0,0,0,0
"141","22-Oct-14","Phrase","BEYOND THE HORIZON","P C H O","$32,000","No",NA,0,0,0,1,0,1,2,0,0,2,1,0,0,0,0,2,3,0,0,1,0,1,0,0,0,1,1,0,0,1,0,0,0,0,1,0,0,0,0,0,0,1,1,0,0,0,0,0,0,0,0,0,0
"142","23-Oct-14","Thing","GROWTH SPURT","C G Y I","$32,000","No",NA,0,1,0,0,0,0,0,0,1,1,0,0,0,0,0,0,1,1,0,2,1,2,0,1,0,0,0,0,0,1,0,0,0,1,0,1,0,0,0,0,0,0,0,0,0,0,0,0,0,0,0,1,0
"143","24-Oct-14","Things","JOB QUALIFICATIONS","H D M A","$32,000","No",NA,0,1,2,1,1,0,0,1,0,0,3,1,0,1,0,1,2,0,1,0,1,1,0,0,0,0,0,1,0,0,1,0,0,0,1,0,0,0,0,1,0,0,0,0,0,0,0,0,0,0,0,0,0
"144","27-Oct-14","Phrase","POINT THE WAY","P C M O","$100,000","No",NA,0,0,1,0,0,0,1,0,0,1,1,0,0,0,0,1,1,1,0,0,0,2,0,1,0,1,0,0,0,1,0,0,0,0,0,0,0,0,0,1,0,1,1,0,0,0,0,0,0,0,0,0,0
"145","28-Oct-14","Thing","BUSHY TAIL","C M H O","$32,000","Yes",NA,1,1,1,1,0,0,0,0,0,1,1,0,0,1,0,0,0,0,0,0,1,1,0,0,0,1,0,0,0,1,0,0,0,0,1,0,0,0,0,1,0,1,0,0,0,0,0,0,0,0,0,0,0
"146","29-Oct-14","Thing","UNIQUE WORK OF ART","Q K W O","$32,000","Yes","Another difficult puzzle thwarted.",1,2,1,0,0,0,1,1,0,0,1,0,1,0,0,1,2,0,1,2,0,1,0,1,0,0,0,0,0,0,0,0,0,0,0,0,0,1,0,0,0,1,0,1,0,0,0,0,0,1,0,0,0
"147","30-Oct-14","Thing","BAGGAGE FEE","H M C O G","$32,000","Yes","Just in time.",1,0,2,1,0,0,3,1,3,0,0,0,0,0,0,0,0,0,0,0,0,0,0,0,0,0,0,0,0,1,0,0,0,1,1,0,0,0,0,1,0,1,0,0,0,0,0,0,0,0,0,0,0
"148","31-Oct-14","Phrase","A PIECE OF THE PIE","B M F A","$32,000","No",NA,0,0,1,0,1,0,4,1,0,1,2,0,0,0,0,0,1,2,0,0,0,1,0,0,0,0,0,1,1,0,0,0,1,0,0,0,0,0,0,1,0,0,0,0,0,0,0,0,0,0,0,0,0
"149","3-Nov-14","Food & Drink","RIPE AVOCADO","C B P I","$32,000","No",NA,0,0,2,0,1,1,1,0,0,0,1,0,0,0,0,0,2,1,0,1,0,0,1,0,0,0,0,0,1,1,0,0,0,0,0,1,0,0,0,0,0,0,1,0,0,0,0,0,0,0,0,0,0
"150","6-Nov-14","Person","YOUNG ADULT","C M G A","$32,000","No",NA,0,2,1,0,0,1,0,0,1,0,0,0,0,1,0,1,1,0,0,0,0,1,0,0,0,1,0,1,0,1,0,0,0,1,0,0,0,0,0,1,0,0,0,0,0,0,0,0,0,0,0,0,0
"151","10-Nov-14","Person","AUTHORITY FIGURE","D H C A M","$32,000","No",NA,0,2,1,0,0,0,1,1,1,1,2,0,0,0,0,0,1,0,0,2,0,2,0,0,0,1,0,1,0,1,1,0,0,0,1,0,0,0,0,1,0,0,0,0,0,0,0,0,0,0,0,0,0
"152","11-Nov-14","What Are You Doing?","MOVING QUICKLY","G M D A","$45,000","No","First time this season that I've just had no idea whatsoever.",0,1,0,0,1,0,0,0,1,0,2,0,1,1,1,1,1,0,1,0,0,0,1,0,0,1,0,1,0,0,1,0,0,1,0,0,0,0,0,1,0,0,0,0,0,0,0,0,0,0,0,0,0
"153","12-Nov-14","Food & Drink","PIZZA TOPPING","H G P A","$32,000","Yes",NA,1,0,1,0,0,0,0,0,1,0,2,0,0,0,0,1,1,3,0,0,0,1,0,0,0,0,2,1,0,0,0,0,0,1,1,0,0,0,0,0,0,0,1,0,0,0,0,0,0,0,0,0,0
"154","13-Nov-14","Person","BASHFUL KID","M G D A","$32,000","No",NA,0,1,1,1,0,1,0,1,0,1,1,0,1,1,0,0,0,0,0,0,1,0,0,0,0,0,0,1,0,0,1,0,0,1,0,0,0,0,0,1,0,0,0,0,0,0,0,0,0,0,0,0,0
"155","17-Nov-14","Thing","MAJOR UPGRADE","D C M O","$32,000","No",NA,0,1,2,0,0,1,1,0,1,0,0,1,0,0,1,0,1,1,0,2,0,0,0,0,0,0,0,0,0,1,1,0,0,0,0,0,0,0,0,1,0,1,0,0,0,0,0,0,0,0,0,0,0
"156","19-Nov-14","Thing","EXCITING SUBJECT","B C D I","$32,000","Yes",NA,1,1,0,1,2,0,2,0,1,0,2,1,0,0,0,1,0,0,0,0,1,2,0,0,1,0,0,0,1,1,1,0,0,0,0,1,0,0,0,0,0,0,0,0,0,0,0,0,0,0,0,0,0
"157","20-Nov-14","Things","OFFICE PRODUCTS","C B M A","$32,000","No",NA,0,1,0,0,2,1,1,2,0,0,1,0,0,0,0,0,2,1,0,1,1,1,0,0,0,0,0,1,1,1,0,0,0,0,0,0,0,0,0,1,0,0,0,0,0,0,0,0,0,0,0,0,0
"158","24-Nov-14","Phrase","THE WHOLE BALL OF WAX","D C F O M","$32,000","Yes",NA,1,0,2,1,0,0,2,1,0,2,0,0,0,3,0,0,2,0,0,0,0,1,0,2,1,0,0,0,0,1,1,0,1,0,0,0,0,0,0,1,0,1,0,0,0,0,0,0,0,0,0,0,0
"159","26-Nov-14","Phrase","WATCH OUT BELOW","C D M A","$32,000","No",NA,0,1,1,1,1,0,1,0,0,1,0,0,0,1,0,0,2,0,0,0,0,2,0,2,0,0,0,1,0,1,1,0,0,0,0,0,0,0,0,1,0,0,0,0,0,0,0,0,0,0,0,0,0
"160","28-Nov-14","Place","NARROW PATHWAY","C D P O","$45,000","No",NA,0,0,3,0,0,0,0,0,0,1,0,0,0,0,0,1,1,1,0,2,0,1,0,2,0,1,0,0,0,1,1,0,0,0,0,0,0,0,0,0,0,1,1,0,0,0,0,0,0,0,0,0,0
"161","1-Dec-14","Place","BUSY HARBOR","C H K A","$32,000","Yes",NA,1,1,1,2,0,0,0,0,0,1,0,0,0,0,0,0,1,0,0,2,1,0,0,0,0,1,0,1,0,1,0,0,0,0,1,0,0,1,0,0,0,0,0,0,0,0,0,0,0,0,0,0,0
"162","2-Dec-14","Food & Drink","HANDPICKED FRUIT","F P C A","$40,000","No",NA,0,1,1,0,1,2,1,1,0,1,2,0,1,0,0,1,0,1,0,1,0,1,0,0,0,0,0,1,0,1,0,0,1,0,0,0,0,0,0,0,0,0,1,0,0,0,0,0,0,0,0,0,0
"163","3-Dec-14","Thing","HEAVY PACKAGE","D M P I","$32,000","No",NA,0,0,3,0,1,0,2,0,1,1,0,0,1,0,0,0,0,1,0,0,0,0,1,0,0,1,0,0,0,0,1,0,0,0,0,1,0,0,0,1,0,0,1,0,0,0,0,0,0,0,0,0,0
"164","5-Dec-14","Person","FIELD HOCKEY GOALIE","P H D O","$32,000","No",NA,0,0,1,0,1,1,3,1,1,1,2,0,1,2,0,0,2,0,0,0,0,0,0,0,0,1,0,0,0,0,1,0,0,0,1,0,0,0,0,0,0,1,1,0,0,0,0,0,0,0,0,0,0
"165","8-Dec-14","Things","GUITAR CHORDS","C W D A","$32,000","Yes",NA,1,1,1,0,1,1,0,0,1,1,1,0,0,0,0,0,1,0,0,2,1,1,0,0,0,0,0,1,0,1,1,0,0,0,0,0,0,0,0,0,0,0,0,0,0,0,0,0,0,1,0,0,0
"166","9-Dec-14","Thing","AVERAGE PRICE","Y M C A","$40,000","Yes","Yes, they did the song and dance.",1,0,2,0,1,0,3,0,1,0,1,0,0,0,0,0,0,1,0,2,0,0,1,0,0,0,0,1,0,1,0,0,0,0,0,0,0,0,0,1,0,0,0,0,0,0,0,0,0,0,0,1,0
"167","10-Dec-14","Thing","QUILTED BLANKET","C D H A","$32,000","Yes",NA,1,1,1,1,0,1,2,0,0,0,1,0,1,2,0,1,0,0,1,0,0,2,0,0,0,0,0,1,0,1,1,0,0,0,1,0,0,0,0,0,0,0,0,0,0,0,0,0,0,0,0,0,0
"168","11-Dec-14","Event","HISTORIC VOYAGE","M P C A","Pair of Ford Flexes","No",NA,0,0,1,0,1,0,1,0,1,1,2,0,0,0,0,0,2,0,0,1,1,1,1,0,0,1,0,1,0,1,0,0,0,0,0,0,0,0,0,1,0,0,1,0,0,0,0,0,0,0,0,0,0
"169","12-Dec-14","Thing","EXIT POLL","P X D I","$45,000","Yes","You have no idea how long I've waited for someone to call an X.",1,0,0,0,0,0,1,0,0,0,1,0,0,2,0,0,1,1,0,0,0,1,0,0,1,0,0,0,0,0,1,0,0,0,0,1,0,0,0,0,0,0,1,0,0,0,0,0,0,0,1,0,0
"170","15-Dec-14","Thing","LATE-NIGHT INFOMERCIAL","D H P A","Ford Flex","No",NA,0,0,2,0,1,0,2,1,1,1,3,0,0,2,1,2,1,0,0,1,0,2,0,0,0,0,0,1,0,0,1,0,0,0,1,0,0,0,0,0,0,0,1,0,0,0,0,0,0,0,0,0,0
"171","16-Dec-14","Things","BAY WINDOWS","C D P A","$40,000","No",NA,0,0,1,1,0,1,0,0,0,0,1,0,0,0,0,1,1,0,0,0,1,0,0,2,0,1,0,1,0,1,1,0,0,0,0,0,0,0,0,0,0,0,1,0,0,0,0,0,0,0,0,0,0
"172","17-Dec-14","Phrase","ABOVE THE CLOUDS","M D P A C","$45,000","Yes",NA,1,1,1,1,1,1,2,0,0,1,0,0,0,1,0,0,2,0,0,0,1,1,1,0,0,0,0,1,0,1,1,0,0,0,0,0,0,0,0,1,0,0,1,0,0,0,0,0,0,0,0,0,0
"173","18-Dec-14","On the Map","AUGUSTA GEORGIA","M P D A","$32,000","Yes",NA,1,2,3,0,0,0,1,0,3,0,1,0,0,0,0,0,1,0,0,1,1,1,0,0,0,0,0,1,0,0,1,0,0,0,0,0,0,0,0,1,0,0,1,0,0,0,0,0,0,0,0,0,0
"174","19-Dec-14","Thing","MONTHLY BUDGET","C K M A","$32,000","No",NA,0,1,0,1,0,1,1,0,1,1,0,0,0,1,1,1,1,0,0,0,0,2,0,0,0,1,0,1,0,1,0,0,0,0,0,0,0,1,0,1,0,0,0,0,0,0,0,0,0,0,0,0,0
"175","22-Dec-14","Things","GAME HIGHLIGHTS","B G M I","$32,000","Yes",NA,1,0,1,0,0,0,1,0,3,3,2,0,0,1,1,0,0,0,0,0,1,1,0,0,0,0,0,0,1,0,0,0,0,1,0,1,0,0,0,1,0,0,0,0,0,0,0,0,0,0,0,0,0
"176","23-Dec-14","Person","HUMBLE HERO","D H W U","$32,000","No",NA,0,1,0,1,0,0,2,0,0,2,0,0,0,1,1,0,1,0,0,1,0,0,0,0,0,0,0,0,0,0,1,0,0,0,1,0,0,0,0,0,0,0,0,0,0,0,0,1,0,1,0,0,0
"177","30-Dec-14","Things","FADED BLUE JEANS","C G P I","$32,000","No",NA,0,1,2,1,0,2,3,1,0,0,0,1,0,1,0,1,0,0,0,0,1,0,0,0,0,0,0,0,0,1,0,0,0,1,0,1,0,0,0,0,0,0,1,0,0,0,0,0,0,0,0,0,0
"178","31-Dec-14","Thing","BUZZWORD","D H C O","$32,000","No",NA,0,1,0,1,0,1,0,0,0,0,0,0,0,0,0,0,1,0,0,1,0,0,0,1,0,0,2,0,0,1,1,0,0,0,1,0,0,0,0,0,0,1,0,0,0,0,0,0,0,0,0,0,0
"179","1-Jan-15","Thing","ROUSING APPLAUSE","C G D O","$40,000","No",NA,0,2,2,0,0,0,1,0,1,0,1,0,0,1,0,1,1,2,0,1,2,0,0,0,0,0,0,0,0,1,1,0,0,1,0,0,0,0,0,0,0,1,0,0,0,0,0,0,0,0,0,0,0
"180","2-Jan-15","Thing","WEDDING BOUQUET","P H G I","$40,000","Yes","Right on the buzzer.",1,2,0,1,0,2,2,0,1,0,1,0,0,0,0,1,1,0,1,0,0,1,0,1,0,0,0,0,0,0,0,0,0,1,1,1,0,0,0,0,0,0,1,0,0,0,0,0,0,0,0,0,0
"181","5-Jan-15","Event","EXCHANGE OF VOWS","M D F O H","$32,000","No",NA,0,0,1,0,1,0,2,1,1,1,0,0,0,0,0,1,2,0,0,0,1,0,1,1,1,0,0,0,0,0,1,0,1,0,1,0,0,0,0,1,0,1,0,0,0,0,0,0,0,0,0,0,0
"182","6-Jan-15","Phrase","RAISE YOUR VOICE","H G D O","$32,000","Yes",NA,1,1,1,0,1,0,2,0,0,0,2,0,0,0,0,0,2,0,0,2,1,0,1,0,0,1,0,0,0,0,1,0,0,1,1,0,0,0,0,0,0,1,0,0,0,0,0,0,0,0,0,0,0
"183","9-Jan-15","Thing","MOUND OF PAPERWORK","M D G I","$32,000","No",NA,0,1,1,0,0,1,1,1,0,0,0,0,1,0,1,1,3,2,0,2,0,0,0,1,0,0,0,0,0,0,1,0,0,1,0,1,0,0,0,1,0,0,0,0,0,0,0,0,0,0,0,0,0
"184","12-Jan-15","Phrase","I FOUND YOU","H D P O","$32,000","No",NA,0,2,0,0,0,1,0,1,0,0,1,0,0,0,0,1,2,0,0,0,0,0,0,0,0,1,0,0,0,0,1,0,0,0,1,0,0,0,0,0,0,1,1,0,0,0,0,0,0,0,0,0,0
"185","13-Jan-15","Phrase","WHAT A MOUTHFUL","C M F O","$32,000","Yes",NA,1,2,2,0,0,0,0,1,0,2,0,0,0,1,1,0,1,0,0,0,0,2,0,1,0,0,0,0,0,1,0,0,1,0,0,0,0,0,0,1,0,1,0,0,0,0,0,0,0,0,0,0,0
"186","14-Jan-15","Place","BOYHOOD HOME","C M P A","$45,000","No",NA,0,0,0,1,0,1,1,0,0,2,0,0,0,0,1,0,4,0,0,0,0,0,0,0,0,1,0,1,0,1,0,0,0,0,0,0,0,0,0,1,0,0,1,0,0,0,0,0,0,0,0,0,0
"187","15-Jan-15","Things","DAILY FLIGHTS","M P D A","$32,000","No",NA,0,0,1,0,0,1,0,1,1,1,2,0,0,2,0,0,0,0,0,0,1,1,0,0,0,1,0,1,0,0,1,0,0,0,0,0,0,0,0,1,0,0,1,0,0,0,0,0,0,0,0,0,0
"188","16-Jan-15","Thing","TRANQUIL WATER","G W D A Q","$32,000","Yes",NA,1,1,2,0,0,0,1,0,0,0,1,0,0,1,0,1,0,0,1,2,0,2,0,1,0,0,0,1,0,0,1,0,0,1,0,0,0,0,0,0,0,0,0,1,0,0,0,0,0,1,0,0,0
"189","19-Jan-15","Thing","JUICER","C H M A D","$32,000","No",NA,0,1,0,0,1,0,1,0,0,0,1,1,0,0,0,0,0,0,0,1,0,0,0,0,0,0,0,1,0,1,1,0,0,0,1,0,0,0,0,1,0,0,0,0,0,0,0,0,0,0,0,0,0
"190","20-Jan-15","Food & Drink","CHEWY TAFFY","D M W A","$32,000","No",NA,0,0,1,0,1,0,1,2,0,1,0,0,0,0,0,0,0,0,0,0,0,1,0,1,0,2,0,1,0,0,1,0,0,0,0,0,0,0,0,1,0,0,0,0,0,0,0,0,0,1,0,0,0
"191","21-Jan-15","Thing","COMBINED WEIGHT","P M C A","$32,000","No",NA,0,0,0,1,1,1,2,0,1,1,2,0,0,0,1,1,1,0,0,0,0,1,0,1,0,0,0,1,0,1,0,0,0,0,0,0,0,0,0,1,0,0,1,0,0,0,0,0,0,0,0,0,0
"192","22-Jan-15","Thing","WIPER FLUID","C P D O","$32,000","Yes",NA,1,1,0,0,0,1,1,1,0,0,2,0,0,1,0,0,0,1,0,1,0,0,0,1,0,0,0,0,0,1,1,0,0,0,0,0,0,0,0,0,0,1,1,0,0,0,0,0,0,0,0,0,0
"193","23-Jan-15","Phrase","BY THE QUART","C M P O","$32,000","No",NA,0,1,1,1,0,0,1,0,0,1,0,0,0,0,0,0,0,0,1,1,0,2,0,0,0,1,0,0,0,1,0,0,0,0,0,0,0,0,0,1,0,1,1,0,0,0,0,0,0,0,0,0,0
"194","26-Jan-15","Phrase","NICE VARIETY","P C H A","$45,000","No",NA,0,0,1,0,1,0,2,0,0,0,2,0,0,0,0,1,0,0,0,1,0,1,1,0,0,1,0,1,0,1,0,0,0,0,1,0,0,0,0,0,0,0,1,0,0,0,0,0,0,0,0,0,0
"195","27-Jan-15","Thing","BUBBLY SOAP","M C D A","$45,000","Yes","Good job!",1,1,1,3,0,0,0,0,0,0,0,0,0,1,0,0,1,1,0,0,1,0,0,0,0,1,0,1,0,1,1,0,0,0,0,0,0,0,0,1,0,0,0,0,0,0,0,0,0,0,0,0,0
"196","2-Feb-15","Thing","VINYL BOOTH","C B M O","$32,000","No",NA,0,0,0,1,0,0,0,0,0,1,1,0,0,1,0,1,2,0,0,0,0,1,1,0,0,1,0,0,1,1,0,0,0,0,0,0,0,0,0,1,0,1,0,0,0,0,0,0,0,0,0,0,0
"197","3-Feb-15","Thing","BACKYARD GAZEBO","C D H A","$32,000","No",NA,0,0,3,2,1,1,1,0,1,0,0,0,1,0,0,0,1,0,0,1,0,0,0,0,0,1,1,1,0,1,1,0,0,0,1,0,0,0,0,0,0,0,0,0,0,0,0,0,0,0,0,0,0
"198","4-Feb-15","Thing","WATER VAPOR","H M P A","$32,000","Yes",NA,1,0,2,0,0,0,1,0,0,0,0,0,0,0,0,0,1,1,0,2,0,1,1,1,0,0,0,1,0,0,0,0,0,0,1,0,0,0,0,1,0,0,1,0,0,0,0,0,0,0,0,0,0
"199","5-Feb-15","Living Thing","TINY GUPPY","C D M I","$100,000","No",NA,0,1,0,0,0,0,0,0,1,0,1,0,0,0,0,1,0,2,0,0,0,1,0,0,0,2,0,0,0,1,1,0,0,0,0,1,0,0,0,1,0,0,0,0,0,0,0,0,0,0,0,0,0
"200","6-Feb-15","Thing","LUXURY VEHICLE","D C P O","$32,000","Yes",NA,1,2,0,0,1,0,2,0,0,1,1,0,0,2,0,0,0,0,0,1,0,0,1,0,1,1,0,0,0,1,1,0,0,0,0,0,0,0,0,0,0,1,1,0,0,0,0,0,0,0,0,0,0
"201","9-Feb-15","Thing","FOAMY LATHER","H D M I","$45,000","No",NA,0,0,2,0,0,0,1,1,0,1,0,0,0,1,1,0,1,0,0,1,0,1,0,0,0,1,0,0,0,0,1,0,0,0,1,1,0,0,0,1,0,0,0,0,0,0,0,0,0,0,0,0,0
"202","10-Feb-15","Food & Drink","FLUFFY PANCAKES","P D M A","$32,000","No",NA,0,1,2,0,1,0,1,3,0,0,0,0,1,1,0,1,0,1,0,0,1,0,0,0,0,1,0,1,0,0,1,0,0,0,0,0,0,0,0,1,0,0,1,0,0,0,0,0,0,0,0,0,0
"203","11-Feb-15","Person","PUBLIC OFFICIAL","P G H O","$50,000","No",NA,0,1,1,1,2,0,0,2,0,0,3,0,0,2,0,0,1,1,0,0,0,0,0,0,0,0,0,0,0,0,0,0,0,1,1,0,0,0,0,0,0,1,1,0,0,0,0,0,0,0,0,0,0
"204","12-Feb-15","Thing","BARGAINING CHIP","C H P A","$32,000","Yes",NA,1,0,2,1,1,0,0,0,2,1,3,0,0,0,0,2,0,1,0,1,0,0,0,0,0,0,0,1,0,1,0,0,0,0,1,0,0,0,0,0,0,0,1,0,0,0,0,0,0,0,0,0,0
"205","13-Feb-15","Thing","CLEVER PUZZLE","C D P O","$32,000","No",NA,0,1,0,0,1,0,3,0,0,0,0,0,0,2,0,0,0,1,0,1,0,0,1,0,0,0,2,0,0,1,1,0,0,0,0,0,0,0,0,0,0,1,1,0,0,0,0,0,0,0,0,0,0
"206","16-Feb-15","What Are You Doing?","PAYING A FEW BILLS","P H G A","$32,000","No",NA,0,0,2,1,0,0,1,1,1,0,2,0,0,2,0,1,0,1,0,0,1,0,0,1,0,1,0,1,0,0,0,0,0,1,1,0,0,0,0,0,0,0,1,0,0,0,0,0,0,0,0,0,0
"207","17-Feb-15","What Are You Doing?","PICKING UP THE KIDS","G D H A","$50,000","No",NA,0,1,0,0,1,1,1,0,1,1,3,0,2,0,0,1,0,2,0,0,1,1,0,0,0,0,0,1,0,0,1,0,0,1,1,0,0,0,0,0,0,0,0,0,0,0,0,0,0,0,0,0,0
"208","19-Feb-15","People","GYM BUDDIES","M C D A","$32,000","No",NA,0,1,0,1,0,2,1,0,1,0,1,0,0,0,1,0,0,0,0,0,1,0,0,0,0,1,0,1,0,1,1,0,0,0,0,0,0,0,0,1,0,0,0,0,0,0,0,0,0,0,0,0,0
"209","23-Feb-15","Thing","UPHOLSTERY FABRIC","Y C P U","$100,000","Yes",NA,1,1,1,1,1,0,1,1,0,1,1,0,0,1,0,0,1,1,0,2,1,1,0,0,0,1,0,0,0,1,0,0,0,0,0,0,0,0,0,0,0,0,1,0,0,0,0,1,0,0,0,1,0
"210","24-Feb-15","Things","PHOTOS AND VIDEOS","C F H O","$32,000","Yes",NA,1,0,1,0,0,2,1,0,0,1,1,0,0,0,0,1,3,1,0,0,2,1,1,0,0,0,0,0,0,1,0,0,1,0,1,0,0,0,0,0,0,1,0,0,0,0,0,0,0,0,0,0,0
"211","25-Feb-15","What Are You Doing?","HOVERING","P B G O","$32,000","Yes",NA,1,0,0,0,0,0,1,0,1,1,1,0,0,0,0,1,1,0,0,1,0,0,1,0,0,0,0,0,1,0,0,0,0,1,0,0,0,0,0,0,0,1,1,0,0,0,0,0,0,0,0,0,0
"212","26-Feb-15","Event","BUYING A HOUSE","G C M A","$32,000","No",NA,0,2,1,1,0,0,1,0,1,1,1,0,0,0,0,1,1,0,0,0,1,0,0,0,0,1,0,1,0,1,0,0,0,1,0,0,0,0,0,1,0,0,0,0,0,0,0,0,0,0,0,0,0
"213","2-Mar-15","Phrase","HIGH IMPACT","P G C A","$32,000","No",NA,0,0,1,0,1,0,0,0,1,2,2,0,0,0,1,0,0,1,0,0,0,1,0,0,0,0,0,1,0,1,0,0,0,1,0,0,0,0,0,0,0,0,1,0,0,0,0,0,0,0,0,0,0
"214","3-Mar-15","Things","FANCY COWBOY BOOTS","C D M A","$32,000","No",NA,0,0,1,2,2,0,0,1,0,0,0,0,0,0,0,1,4,0,0,0,1,1,0,1,0,2,0,1,0,1,1,0,0,0,0,0,0,0,0,1,0,0,0,0,0,0,0,0,0,0,0,0,0
"215","4-Mar-15","Phrase","GIFT IDEAS FOR HIM","M B H O","$32,000","No",NA,0,0,1,0,0,1,1,2,1,1,3,0,0,0,1,0,1,0,0,1,1,1,0,0,0,0,0,0,1,0,0,0,0,0,1,0,0,0,0,1,0,1,0,0,0,0,0,0,0,0,0,0,0
"216","5-Mar-15","Person","AVID GOLFER","C H B A","$32,000","No",NA,0,0,1,0,0,1,1,1,1,0,1,0,0,1,0,0,1,0,0,1,0,0,1,0,0,0,0,1,1,1,0,0,0,0,1,0,0,0,0,0,0,0,0,0,0,0,0,0,0,0,0,0,0
"217","6-Mar-15","Phrase","BOGGED DOWN","P G D A","$45,000","No",NA,0,0,0,1,0,2,1,0,2,0,0,0,0,0,0,1,2,0,0,0,0,0,0,1,0,0,0,1,0,0,1,0,0,1,0,0,0,0,0,0,0,0,1,0,0,0,0,0,0,0,0,0,0
"218","9-Mar-15","Phrase","POSITIVE VIEW","G F P O","$32,000","No",NA,0,0,0,0,0,0,2,0,0,0,3,0,0,0,0,0,1,1,0,0,1,1,2,1,0,0,0,0,0,0,0,0,1,1,0,0,0,0,0,0,0,1,1,0,0,0,0,0,0,0,0,0,0
"219","10-Mar-15","Things","BIG PAWS","B D M A","$32,000","No",NA,0,0,1,1,0,0,0,0,1,0,1,0,0,0,0,0,0,1,0,0,1,0,0,1,0,0,0,1,1,0,1,0,0,0,0,0,0,0,0,1,0,0,0,0,0,0,0,0,0,0,0,0,0
"220","11-Mar-15","Living Things","WILD FAUNA","D G C O","$32,000","No",NA,0,1,2,0,0,1,0,1,0,0,1,0,0,1,0,1,0,0,0,0,0,0,0,1,0,0,0,0,0,1,1,0,0,1,0,0,0,0,0,0,0,1,0,0,0,0,0,0,0,0,0,0,0
"221","12-Mar-15","Phrase","WORTH WAITING FOR","H G F I C","$32,000","Yes",NA,1,0,1,0,0,0,0,1,1,1,2,0,0,0,0,1,2,0,0,2,0,2,0,2,0,0,0,0,0,1,0,0,1,1,1,1,0,0,0,0,0,0,0,0,0,0,0,0,0,0,0,0,0
"222","13-Mar-15","Thing","AUTHORIZED BIOGRAPHY","D C P A","$50,000","No",NA,0,1,2,1,0,1,1,0,1,2,2,0,0,0,0,0,2,1,0,2,0,1,0,0,0,1,1,1,0,1,1,0,0,0,0,0,0,0,0,0,0,0,1,0,0,0,0,0,0,0,0,0,0
"223","16-Mar-15","Thing","AUDIO FREQUENCY","C P M I","$32,000","No",NA,0,2,1,0,1,1,2,1,0,0,1,0,0,0,0,1,1,0,1,1,0,0,0,0,0,1,0,0,0,1,0,0,0,0,0,1,0,0,0,1,0,0,1,0,0,0,0,0,0,0,0,0,0
"224","17-Mar-15","Phrase","THE EXACT AMOUNT","H D C O","$32,000","No",NA,0,1,2,0,1,0,2,0,0,1,0,0,0,0,1,1,1,0,0,0,0,3,0,0,1,0,0,0,0,1,1,0,0,0,1,0,0,0,0,0,0,1,0,0,0,0,0,0,0,0,0,0,0
"225","18-Mar-15","Things","BREAKING WAVES","P H G O","$32,000","No",NA,0,0,2,1,0,0,2,0,1,0,1,0,1,0,0,1,0,0,0,1,1,0,1,1,0,0,0,0,0,0,0,0,0,1,1,0,0,0,0,0,0,1,1,0,0,0,0,0,0,0,0,0,0
"226","19-Mar-15","Thing","GROUP PORTRAIT","C P M A","$32,000","Yes",NA,1,1,1,0,0,0,0,0,1,0,1,0,0,0,0,0,2,2,0,3,0,2,0,0,0,0,0,1,0,1,0,0,0,0,0,0,0,0,0,1,0,0,1,0,0,0,0,0,0,0,0,0,0
"227","23-Mar-15","Thing","MAHOGANY WOOD","M P D A","$32,000","No",NA,0,0,2,0,0,1,0,0,1,1,0,0,0,0,1,1,3,0,0,0,0,0,0,1,0,1,0,1,0,0,1,0,0,0,0,0,0,0,0,1,0,0,1,0,0,0,0,0,0,0,0,0,0
"228","24-Mar-15","Place","BUMPY PATH","D C M O","$32,000","No",NA,0,1,1,1,0,0,0,0,0,1,0,0,0,0,1,0,0,2,0,0,0,1,0,0,0,1,0,0,0,1,1,0,0,0,0,0,0,0,0,1,0,1,0,0,0,0,0,0,0,0,0,0,0
"229","25-Mar-15","Phrase","ACHIEVE YOUR GOAL","B M D O","$32,000","Yes",NA,1,1,2,0,1,0,2,0,1,1,1,0,0,1,0,0,2,0,0,1,0,0,1,0,0,1,0,0,1,0,1,0,0,0,0,0,0,0,0,1,0,1,0,0,0,0,0,0,0,0,0,0,0
"230","26-Mar-15","Thing","POCKET DIARY","G P H O","$32,000","No",NA,0,0,1,0,1,1,1,0,0,0,1,0,1,0,0,0,1,1,0,1,0,1,0,0,0,1,0,0,0,0,0,0,0,1,1,0,0,0,0,0,0,1,1,0,0,0,0,0,0,0,0,0,0
"231","30-Mar-15","Phrase","JUMP IN THE BACK","H C G O","$32,000","No",NA,0,1,1,1,1,0,1,0,0,1,1,1,1,0,1,1,0,1,0,0,0,1,0,0,0,0,0,0,0,1,0,0,0,1,1,0,0,0,0,0,0,1,0,0,0,0,0,0,0,0,0,0,0
"232","31-Mar-15","Person","WACKY NEIGHBOR","P H G O","$32,000","Yes","Wow, surprising one there.",1,0,1,1,1,0,1,0,1,1,1,0,1,0,0,1,1,0,0,1,0,0,0,1,0,1,0,0,0,0,0,0,0,1,1,0,0,0,0,0,0,1,1,0,0,0,0,0,0,0,0,0,0
"233","1-Apr-15","Thing","FLOWING GOWN","G H F A","$32,000","Yes",NA,1,0,0,0,0,0,0,1,2,0,1,0,0,1,0,2,2,0,0,0,0,0,0,2,0,0,0,1,0,0,0,0,1,1,1,0,0,0,0,0,0,0,0,0,0,0,0,0,0,0,0,0,0
"234","2-Apr-15","Phrase","WITHOUT A DOUBT","C P M A","$1,000,000","No","Just... ouch.",0,2,1,1,0,1,0,0,0,1,1,0,0,0,0,0,2,0,0,0,0,3,0,1,0,0,0,1,0,1,0,0,0,0,0,0,0,0,0,1,0,0,1,0,0,0,0,0,0,0,0,0,0
"235","3-Apr-15","Things","ZODIAC SYMBOLS","H M P A","$45,000","No",NA,0,0,1,1,1,1,0,0,0,0,1,0,0,1,1,0,2,0,0,0,2,0,0,0,0,1,1,1,0,0,0,0,0,0,1,0,0,0,0,1,0,0,1,0,0,0,0,0,0,0,0,0,0
"236","6-Apr-15","Thing","BUG ZAPPER","D M H A","$32,000","No",NA,0,1,1,1,0,0,1,0,1,0,0,0,0,0,0,0,0,2,0,1,0,0,0,0,0,0,1,1,0,0,1,0,0,0,1,0,0,0,0,1,0,0,0,0,0,0,0,0,0,0,0,0,0
"237","7-Apr-15","Phrase","A VERY FIRM HOLD","D P C O M","$40,000","No",NA,0,0,1,0,0,1,1,1,0,1,1,0,0,1,1,0,1,0,0,2,0,0,1,0,0,1,0,0,0,1,1,0,0,0,0,0,0,0,0,1,0,1,1,0,0,0,0,0,0,0,0,0,0
"238","8-Apr-15","Thing","TOUGH QUIZ","H C D A","$32,000","No",NA,0,2,0,0,0,0,0,0,1,1,1,0,0,0,0,0,1,0,1,0,0,1,0,0,0,0,1,1,0,1,1,0,0,0,1,0,0,0,0,0,0,0,0,0,0,0,0,0,0,0,0,0,0
"239","9-Apr-15","Phrase","WAY BEHIND","D B K I","$32,000","No",NA,0,0,1,1,0,1,1,0,0,1,1,0,0,0,0,1,0,0,0,0,0,0,0,1,0,1,0,0,1,0,1,0,0,0,0,1,0,1,0,0,0,0,0,0,0,0,0,0,0,0,0,0,0
"240","10-Apr-15","Thing","ULTIMATE GUIDEBOOK","D H M O","$32,000","No",NA,0,2,1,1,0,1,2,0,1,0,2,0,1,1,1,0,2,0,0,0,0,2,0,0,0,0,0,0,0,0,1,0,0,0,1,0,0,0,0,1,0,1,0,0,0,0,0,0,0,0,0,0,0
"241","13-Apr-15","Person","AVIATOR","M P D I","$100,000","No",NA,0,0,2,0,0,0,0,0,0,0,1,0,0,0,0,0,1,0,0,1,0,1,1,0,0,0,0,0,0,0,1,0,0,0,0,1,0,0,0,1,0,0,1,0,0,0,0,0,0,0,0,0,0
"242","14-Apr-15","Thing","RICH FLAVOR","C G F O","$32,000","Yes","That's more like it.",1,0,1,0,1,0,0,1,0,1,1,0,0,1,0,0,1,0,0,2,0,0,1,0,0,0,0,0,0,1,0,0,1,1,0,0,0,0,0,0,0,1,0,0,0,0,0,0,0,0,0,0,0
"243","15-Apr-15","Thing","POKER FACE","G M D I","$32,000","No","Short words are tricky unless you get some help on them.",0,0,1,0,1,0,2,1,0,0,0,0,1,0,0,0,1,1,0,1,0,0,0,0,0,0,0,0,0,0,1,0,0,1,0,1,0,0,0,1,0,0,0,0,0,0,0,0,0,0,0,0,0
"244","20-Apr-15","Thing","AUTOPILOT","H D C O G","$45,000","No",NA,0,1,1,0,0,0,0,0,0,0,1,0,0,1,0,0,2,1,0,0,0,2,0,0,0,0,0,0,0,1,1,0,0,1,1,0,0,0,0,0,0,1,0,0,0,0,0,0,0,0,0,0,0
"245","21-Apr-15","Thing","THOROUGH OVERHAUL","H G M A","$32,000","Yes",NA,1,2,1,0,0,0,1,0,1,3,0,0,0,1,0,0,3,0,0,2,0,1,1,0,0,0,0,1,0,0,0,0,0,1,1,0,0,0,0,1,0,0,0,0,0,0,0,0,0,0,0,0,0
"246","23-Apr-15","Thing","FOOD PACKAGING","M C D A","$32,000","No",NA,0,0,2,0,1,1,0,1,2,0,1,0,1,0,0,1,2,1,0,0,0,0,0,0,0,0,0,1,0,1,1,0,0,0,0,0,0,0,0,1,0,0,0,0,0,0,0,0,0,0,0,0,0
"247","24-Apr-15","Person","BUILDING OWNER","G C D I","$32,000","No",NA,0,1,0,1,0,1,1,0,1,0,2,0,0,1,0,2,1,0,0,1,0,0,0,1,0,0,0,0,0,1,1,0,0,1,0,1,0,0,0,0,0,0,0,0,0,0,0,0,0,0,0,0,0
"248","27-Apr-15","Things","A FEW CHOICES","C D M A H","$32,000","No",NA,0,0,1,0,2,0,2,1,0,1,1,0,0,0,0,0,1,0,0,0,1,0,0,1,0,0,0,1,0,1,1,0,0,0,1,0,0,0,0,1,0,0,0,0,0,0,0,0,0,0,0,0,0
"249","28-Apr-15","Thing","WISP OF HAIR","M P K O","$45,000","Yes",NA,1,0,1,0,0,0,0,1,0,1,2,0,0,0,0,0,1,1,0,1,1,0,0,1,0,0,0,0,0,0,0,0,0,0,0,0,0,1,0,1,0,1,1,0,0,0,0,0,0,0,0,0,0
"250","29-Apr-15","Phrase","ZIPPING BY","C D M A","$32,000","No",NA,0,0,0,1,0,0,0,0,1,0,2,0,0,0,0,1,0,2,0,0,0,0,0,0,0,1,1,1,0,1,1,0,0,0,0,0,0,0,0,1,0,0,0,0,0,0,0,0,0,0,0,0,0
"251","30-Apr-15","Thing","PROVEN VALUE","G M D I","$32,000","No",NA,0,1,1,0,0,0,2,0,0,0,0,0,0,1,0,1,1,1,0,1,0,0,2,0,0,0,0,0,0,0,1,0,0,1,0,1,0,0,0,1,0,0,0,0,0,0,0,0,0,0,0,0,0
"252","1-May-15","Phrase","OVER YONDER","D B G O","$32,000","Yes",NA,1,0,0,0,0,1,2,0,0,0,0,0,0,0,0,1,2,0,0,2,0,0,1,0,0,1,0,0,1,0,1,0,0,1,0,0,0,0,0,0,0,1,0,0,0,0,0,0,0,0,0,0,0
"253","4-May-15","People","YOUNG CROWD","P M G I","$100,000","No",NA,0,1,0,0,1,1,0,0,1,0,0,0,0,0,0,1,2,0,0,1,0,0,0,1,0,1,0,0,0,0,0,0,0,1,0,1,0,0,0,1,0,0,1,0,0,0,0,0,0,0,0,0,0
"254","5-May-15","Phrase","WIGGLE AROUND","B D G I","$32,000","No",NA,0,1,1,0,0,1,1,0,2,0,1,0,0,1,0,1,1,0,0,1,0,0,0,1,0,0,0,0,1,0,1,0,0,1,0,1,0,0,0,0,0,0,0,0,0,0,0,0,0,0,0,0,0
"255","6-May-15","Phrase","WHAT TO AVOID","M D P O","$32,000","No",NA,0,0,2,0,0,1,0,0,0,1,1,0,0,0,0,0,2,0,0,0,0,2,1,1,0,0,0,0,0,0,1,0,0,0,0,0,0,0,0,1,0,1,1,0,0,0,0,0,0,0,0,0,0
"256","7-May-15","Phrase","WAVE YOUR MAGIC WAND","M D Y A","$45,000","Yes",NA,1,1,3,0,1,1,1,0,1,0,1,0,0,0,1,1,1,0,0,1,0,0,1,2,0,1,0,1,0,0,1,0,0,0,0,0,0,0,0,1,0,0,0,0,0,0,0,0,0,0,0,1,0
"257","11-May-15","Thing","BANDWIDTH","H C P A","$32,000","Yes",NA,1,0,1,1,0,2,0,0,0,1,1,0,0,0,0,1,0,0,0,0,0,1,0,1,0,0,0,1,0,1,0,0,0,0,1,0,0,0,0,0,0,0,1,0,0,0,0,0,0,0,0,0,0
"258","12-May-15","Phrase","AWFULLY KIND","D M P A","$40,000","No",NA,0,1,1,0,0,1,0,1,0,0,1,0,1,2,0,1,0,0,0,0,0,0,0,1,0,1,0,1,0,0,1,0,0,0,0,0,0,0,0,1,0,0,1,0,0,0,0,0,0,0,0,0,0
"259","13-May-15","Phrase","PHASED OUT","P M D A C","$40,000","Yes",NA,1,1,1,0,0,1,1,0,0,1,0,0,0,0,0,0,1,1,0,0,1,1,0,0,0,0,0,1,0,1,1,0,0,0,0,0,0,0,0,1,0,0,1,0,0,0,0,0,0,0,0,0,0
"260","14-May-15","Person","POWERFUL TYCOON","C D P A","$32,000","No",NA,0,1,0,0,1,0,1,1,0,0,0,0,0,1,0,1,3,1,0,1,0,1,0,1,0,1,0,1,0,1,1,0,0,0,0,0,0,0,0,0,0,0,1,0,0,0,0,0,0,0,0,0,0
"261","15-May-15","Thing","HOURLY FORECAST","D M C O","$32,000","No",NA,0,1,1,0,1,0,1,1,0,1,0,0,0,1,0,0,2,0,0,2,1,1,0,0,0,1,0,0,0,1,1,0,0,0,0,0,0,0,0,1,0,1,0,0,0,0,0,0,0,0,0,0,0
"262","18-May-15","Phrase","GO VIRAL","M D C I G","$50,000","No",NA,0,0,1,0,0,0,0,0,1,0,1,0,0,1,0,0,1,0,0,1,0,0,1,0,0,0,0,0,0,1,1,0,0,1,0,1,0,0,0,1,0,0,0,0,0,0,0,0,0,0,0,0,0
"263","19-May-15","Phrase","APPLY FOR A JOB","D M P A","$32,000","No",NA,0,0,2,1,0,0,0,1,0,0,0,1,0,1,0,0,2,2,0,1,0,0,0,0,0,1,0,1,0,0,1,0,0,0,0,0,0,0,0,1,0,0,1,0,0,0,0,0,0,0,0,0,0
"264","20-May-15","Phrase","DIVE RIGHT IN","D M P A","C M D O","No",NA,0,0,0,0,0,1,1,0,1,1,3,0,0,0,0,1,0,0,0,1,0,1,1,0,0,0,0,1,0,0,1,0,0,0,0,0,0,0,0,1,0,0,1,0,0,0,0,0,0,0,0,0,0
"265","21-May-15","Phrase","ZOOM OUT","D M P A","P H G O","No","Why can't people remember what letters they're already given this week?",0,1,0,0,0,0,0,0,0,0,0,0,0,0,1,0,3,0,0,0,0,1,0,0,0,0,1,1,0,0,1,0,0,0,0,0,0,0,0,1,0,0,1,0,0,0,0,0,0,0,0,0,0
"266","22-May-15","Thing","OVERHEAD LIGHT","D M P A","G P B I","No",NA,0,0,1,0,0,1,2,0,1,2,1,0,0,1,0,0,1,0,0,1,0,1,1,0,0,0,0,1,0,0,1,0,0,0,0,0,0,0,0,1,0,0,1,0,0,0,0,0,0,0,0,0,0
"267","25-May-15","Phrase","SWOOPING DOWN","D P M I","$45,000","No",NA,0,0,0,0,0,1,0,0,1,0,1,0,0,0,0,2,3,1,0,0,1,0,0,2,0,0,0,0,0,0,1,0,0,0,0,1,0,0,0,1,0,0,1,0,0,0,0,0,0,0,0,0,0
"268","26-May-15","Phrase","WHAT A BUSYBODY","C D H A","$32,000","No",NA,0,1,2,2,0,1,0,0,0,1,0,0,0,0,0,0,1,0,0,0,1,1,0,1,0,2,0,1,0,1,1,0,0,0,1,0,0,0,0,0,0,0,0,0,0,0,0,0,0,0,0,0,0
"269","27-May-15","Thing","AN OLD MYTH","C D H A","D M W O","No",NA,0,0,1,0,0,1,0,0,0,1,0,0,0,1,1,1,1,0,0,0,0,1,0,0,0,1,0,1,0,1,1,0,0,0,1,0,0,0,0,0,0,0,0,0,0,0,0,0,0,0,0,0,0
"270","28-May-15","Thing","STRIPED AWNING","C D H A","G D P I","Yes",NA,1,0,1,0,0,1,1,0,1,0,2,0,0,0,0,2,0,1,0,1,1,1,0,1,0,0,0,1,0,1,1,0,0,0,1,0,0,0,0,0,0,0,0,0,0,0,0,0,0,0,0,0,0
"271","29-May-15","Thing","GLOBAL MAP","H D F U","$32,000","No",NA,0,0,2,1,0,0,0,0,1,0,0,0,0,2,1,0,1,1,0,0,0,0,0,0,0,0,0,0,0,0,1,0,1,0,1,0,0,0,0,0,0,0,0,0,0,0,0,1,0,0,0,0,0
"272","1-Jun-15","People","ADVISORY BOARD","D P C O","$32,000","Yes",NA,1,0,2,1,0,2,0,0,0,0,1,0,0,0,0,0,2,0,0,2,1,0,1,0,0,1,0,0,0,1,1,0,0,0,0,0,0,0,0,0,0,1,1,0,0,0,0,0,0,0,0,0,0
"273","2-Jun-15","Thing","WORLDWIDE PHENOMENON","C D M A","$32,000","Yes",NA,1,0,0,0,0,2,3,0,0,1,1,0,0,1,1,3,3,1,0,1,0,0,0,2,0,0,0,1,0,1,1,0,0,0,0,0,0,0,0,1,0,0,0,0,0,0,0,0,0,0,0,0,0
"274","3-Jun-15","Phrase","WITHIN THE HOUR","H M Y O","$32,000","Yes",NA,1,1,0,0,0,0,1,0,0,3,2,0,0,0,0,1,1,0,0,1,0,2,0,1,0,0,0,0,0,0,0,0,0,0,1,0,0,0,0,1,0,1,0,0,0,0,0,0,0,0,0,1,0
"275","5-Jun-15","Person","HIGHEST BIDDER","P C B I","$45,000","Yes","That hasn't happened in a long time.",1,0,0,1,0,2,2,0,1,2,2,0,0,0,0,0,0,0,0,1,1,1,0,0,0,0,0,0,1,1,0,0,0,0,0,1,0,0,0,0,0,0,1,0,0,0,0,0,0,0,0,0,0
"276","8-Jun-15","Thing","OBVIOUS ANSWER","G H C A M","$32,000","No","Okay, points for irony.",0,1,1,1,0,0,1,0,0,0,1,0,0,0,0,1,2,0,0,1,2,0,1,1,0,0,0,1,0,1,0,0,0,1,1,0,0,0,0,1,0,0,0,0,0,0,0,0,0,0,0,0,0
"277","11-Jun-15","Phrase","DABBLE IN THE KITCHEN","C M P A","$32,000","No",NA,0,0,1,2,1,1,3,0,0,2,2,0,1,1,0,2,0,0,0,0,0,2,0,0,0,0,0,1,0,1,0,0,0,0,0,0,0,0,0,1,0,0,1,0,0,0,0,0,0,0,0,0,0
"278","14-Sep-15","Thing","YUMMY RECIPE","D M C A","$33,000","Yes",NA,1,1,0,0,1,0,2,0,0,0,1,0,0,0,2,0,0,1,0,1,0,0,0,0,0,2,0,1,0,1,1,0,0,0,0,0,0,0,0,1,0,0,0,0,0,0,0,0,0,0,0,0,0
"279","15-Sep-15","Phrase","JUST SHOWING OFF","C P G O","$33,000","No",NA,0,1,0,0,0,0,0,2,1,1,1,1,0,0,0,1,2,0,0,0,2,1,0,1,0,0,0,0,0,1,0,0,0,1,0,0,0,0,0,0,0,1,1,0,0,0,0,0,0,0,0,0,0
"280","17-Sep-15","Thing","HOURLY UPDATE","P D M A","$33,000","Yes",NA,1,2,1,0,0,1,1,0,0,1,0,0,0,1,0,0,1,1,0,1,0,1,0,0,0,1,0,1,0,0,1,0,0,0,0,0,0,0,0,1,0,0,1,0,0,0,0,0,0,0,0,0,0
"281","21-Sep-15","Phrase","I JUMPED FOR JOY","C D F A","Jeep Cherokee Latitude","No",NA,0,1,0,0,0,1,1,1,0,0,1,2,0,0,1,0,2,1,0,1,0,0,0,0,0,1,0,1,0,1,1,0,1,0,0,0,0,0,0,0,0,0,0,0,0,0,0,0,0,0,0,0,0
"282","22-Sep-15","Phrase","QUICK TURNAROUND","G D H O","Jeep Cherokee Latitude","No",NA,0,3,1,0,1,1,0,0,0,0,1,0,1,0,0,2,1,0,1,2,0,1,0,0,0,0,0,0,0,0,1,0,0,1,1,0,0,0,0,0,0,1,0,0,0,0,0,0,0,0,0,0,0
"283","23-Sep-15","Phrase","HI FOLKS","M Y G O","$40,000","No",NA,0,0,0,0,0,0,0,1,0,1,1,0,1,1,0,0,1,0,0,0,1,0,0,0,0,0,0,0,0,0,0,0,0,1,0,0,0,0,0,1,0,1,0,0,0,0,0,0,0,0,0,1,0
"284","24-Sep-15","Thing","GLOWING REVIEW","G P H O","$33,000","No",NA,0,0,0,0,0,0,2,0,2,0,2,0,0,1,0,1,1,0,0,1,0,0,1,2,0,0,0,0,0,0,0,0,0,1,1,0,0,0,0,0,0,1,1,0,0,0,0,0,0,0,0,0,0
"285","25-Sep-15","Thing","SWAYING HAMMOCK","G H C I","Jeep Cherokee Latitude","No",NA,0,0,2,0,1,0,0,0,1,1,1,0,1,0,2,1,1,0,0,0,1,0,0,1,0,1,0,0,0,1,0,0,0,1,1,1,0,0,0,0,0,0,0,0,0,0,0,0,0,0,0,0,0
"286","28-Sep-15","Living Thing","FAITHFUL DOG","H C D A P","$33,000","Yes",NA,1,1,1,0,0,1,0,2,1,1,1,0,0,1,0,0,1,0,0,0,0,1,0,0,0,0,0,1,0,1,1,0,0,0,1,0,0,0,0,0,0,0,1,0,0,0,0,0,0,0,0,0,0
"287","29-Sep-15","Thing","OVERSIZED WATCH","C H G A Y","Winnebago","No",NA,0,0,1,0,1,1,2,0,0,1,1,0,0,0,0,0,1,0,0,1,1,1,1,1,0,0,1,1,0,1,0,0,0,1,1,0,0,0,0,0,0,0,0,0,0,0,0,0,0,0,0,1,0
"288","30-Sep-15","People","YOUNG HOMEBUYERS","C D M O","$33,000","No",NA,0,2,0,1,0,0,2,0,1,1,0,0,0,0,1,1,2,0,0,1,1,0,0,0,0,2,0,0,0,1,1,0,0,0,0,0,0,0,0,1,0,1,0,0,0,0,0,0,0,0,0,0,0
"289","1-Oct-15","Things","VACUUM-PACKED BAGS","D C H A","$33,000","No",NA,0,2,3,1,2,1,1,0,1,0,0,0,1,0,1,0,0,1,0,0,1,0,1,0,0,0,0,1,0,1,1,0,0,0,1,0,0,0,0,0,0,0,0,0,0,0,0,0,0,0,0,0,0
"290","2-Oct-15","Thing","FULL COOKIE JAR","G H C O","$33,000","No",NA,0,1,1,0,1,0,1,1,0,0,1,1,1,2,0,0,2,0,0,1,0,0,0,0,0,0,0,0,0,1,0,0,0,1,1,0,0,0,0,0,0,1,0,0,0,0,0,0,0,0,0,0,0
"291","5-Oct-15","Living Things","PINK DAFFODILS","P C D I","$33,000","Yes",NA,1,0,1,0,0,2,0,2,0,0,2,0,1,1,0,1,1,1,0,0,1,0,0,0,0,0,0,0,0,1,1,0,0,0,0,1,0,0,0,0,0,0,1,0,0,0,0,0,0,0,0,0,0
"292","6-Oct-15","Thing","DAILY JOURNAL","C M H A","$33,000","No",NA,0,1,2,0,0,1,0,0,0,0,1,1,0,2,0,1,1,0,0,1,0,0,0,0,0,1,0,1,0,1,0,0,0,0,1,0,0,0,0,1,0,0,0,0,0,0,0,0,0,0,0,0,0
"293","7-Oct-15","Food & Drink","FUJI APPLE","G H P O","$45,000","Yes",NA,1,1,1,0,0,0,1,1,0,0,1,1,0,1,0,0,0,2,0,0,0,0,0,0,0,0,0,0,0,0,0,0,0,1,1,0,0,0,0,0,0,1,1,0,0,0,0,0,0,0,0,0,0
"294","8-Oct-15","Thing","BARITONE VOICE","D M P I","$33,000","No",NA,0,0,1,1,1,0,2,0,0,0,2,0,0,0,0,1,2,0,0,1,0,1,1,0,0,0,0,0,0,0,1,0,0,0,0,1,0,0,0,1,0,0,1,0,0,0,0,0,0,0,0,0,0
"295","9-Oct-15","What Are You Doing?","WAXING MY CAR","G D C I","$33,000","No",NA,0,0,2,0,1,0,0,0,1,0,1,0,0,0,1,1,0,0,0,1,0,0,0,1,1,1,0,0,0,1,1,0,0,1,0,1,0,0,0,0,0,0,0,0,0,0,0,0,0,0,0,0,0
"296","12-Oct-15","Thing","OAK BOOKCASE","M G P O H","$33,000","No",NA,0,0,2,1,1,0,1,0,0,0,0,0,2,0,0,0,3,0,0,0,1,0,0,0,0,0,0,0,0,0,0,0,0,1,1,0,0,0,0,1,0,1,1,0,0,0,0,0,0,0,0,0,0
"297","13-Oct-15","Phrase","WOVEN TOGETHER","P G H O","Coupe","No",NA,0,0,0,0,0,0,3,0,1,1,0,0,0,0,0,1,2,0,0,1,0,2,1,1,0,0,0,0,0,0,0,0,0,1,1,0,0,0,0,0,0,1,1,0,0,0,0,0,0,0,0,0,0
"298","14-Oct-15","Thing","UNIQUE POINT OF VIEW","M H W A","$33,000","No",NA,0,2,0,0,0,0,2,1,0,0,3,0,0,0,0,2,2,1,1,0,0,1,1,1,0,0,0,1,0,0,0,0,0,0,1,0,0,0,0,1,0,0,0,0,0,0,0,0,0,1,0,0,0
"299","15-Oct-15","Thing","VIDEO BLOG","D C P I","Coupe","No",NA,0,0,0,1,0,1,1,0,1,0,1,0,0,1,0,0,2,0,0,0,0,0,1,0,0,0,0,0,0,1,1,0,0,0,0,1,0,0,0,0,0,0,1,0,0,0,0,0,0,0,0,0,0
"300","16-Oct-15","Thing","PAGEANT GOWN","G H P O","$40,000","Yes",NA,1,0,2,0,0,0,1,0,2,0,0,0,0,0,0,2,1,1,0,0,0,1,0,1,0,0,0,0,0,0,0,0,0,1,1,0,0,0,0,0,0,1,1,0,0,0,0,0,0,0,0,0,0
"301","19-Oct-15","Phrase","KEEP PUSHING FORWARD","C G Y O","$33,000","No",NA,0,1,1,0,0,1,2,1,1,1,1,0,1,0,0,1,1,2,0,2,1,0,0,1,0,0,0,0,0,1,0,0,0,1,0,0,0,0,0,0,0,1,0,0,0,0,0,0,0,0,0,1,0
"302","20-Oct-15","Phrase","I PLAYED A HUNCH","G P D A B","$50,000","No",NA,0,1,2,0,1,1,1,0,0,2,1,0,0,1,0,1,0,1,0,0,0,0,0,0,0,1,0,1,1,0,1,0,0,1,0,0,0,0,0,0,0,0,1,0,0,0,0,0,0,0,0,0,0
"303","21-Oct-15","Thing","MAXIMUM AMOUNT","C D M O","$33,000","Yes",NA,1,2,2,0,0,0,0,0,0,0,1,0,0,0,4,1,1,0,0,0,0,1,0,0,1,0,0,0,0,1,1,0,0,0,0,0,0,0,0,1,0,1,0,0,0,0,0,0,0,0,0,0,0
"304","22-Oct-15","Thing","UNBIASED OPINION","D M H O","$33,000","No",NA,0,1,1,1,0,1,1,0,0,0,3,0,0,0,0,3,2,1,0,0,1,0,0,0,0,0,0,0,0,0,1,0,0,0,1,0,0,0,0,1,0,1,0,0,0,0,0,0,0,0,0,0,0
"305","26-Oct-15","Food & Drink","BAKED SQUASH","H M D I","$33,000","No",NA,0,1,2,1,0,1,1,0,0,1,0,0,1,0,0,0,0,0,1,0,2,0,0,0,0,0,0,0,0,0,1,0,0,0,1,1,0,0,0,1,0,0,0,0,0,0,0,0,0,0,0,0,0
"306","27-Oct-15","Place","CLUBHOUSE","P B C O","Mini Cooper","Yes",NA,1,2,0,1,1,0,1,0,0,1,0,0,0,1,0,0,1,0,0,0,1,0,0,0,0,0,0,0,1,1,0,0,0,0,0,0,0,0,0,0,0,1,1,0,0,0,0,0,0,0,0,0,0
"307","28-Oct-15","Phrase","I ADMIRE YOU","C D M A","$45,000","Yes",NA,1,1,1,0,0,1,1,0,0,0,2,0,0,0,1,0,1,0,0,1,0,0,0,0,0,1,0,1,0,1,1,0,0,0,0,0,0,0,0,1,0,0,0,0,0,0,0,0,0,0,0,0,0
"308","29-Oct-15","Thing","VALUABLE IDEA","C P D O","$33,000","No",NA,0,1,3,1,0,1,2,0,0,0,1,0,0,2,0,0,0,0,0,0,0,0,1,0,0,0,0,0,0,1,1,0,0,0,0,0,0,0,0,0,0,1,1,0,0,0,0,0,0,0,0,0,0
"309","30-Oct-15","Thing","YOUNG ADULT FICTION","G Q P I","$45,000","No",NA,0,2,1,0,1,1,0,1,1,0,2,0,0,1,0,2,2,0,0,0,0,2,0,0,0,1,0,0,0,0,0,0,0,1,0,1,0,0,0,0,0,0,1,1,0,0,0,0,0,0,0,0,0
"310","2-Nov-15","Thing","HIGH VELOCITY","P H D A","$50,000","Yes",NA,1,0,0,0,1,0,1,0,1,2,2,0,0,1,0,0,1,0,0,0,0,1,1,0,0,1,0,1,0,0,1,0,0,0,1,0,0,0,0,0,0,0,1,0,0,0,0,0,0,0,0,0,0
"311","3-Nov-15","Thing","BIG PAYCHECK","D M H I G","$40,000","No",NA,0,0,1,1,2,0,1,0,1,1,1,0,1,0,0,0,0,1,0,0,0,0,0,0,0,1,0,0,0,0,1,0,0,1,1,1,0,0,0,1,0,0,0,0,0,0,0,0,0,0,0,0,0
"312","9-Nov-15","Thing","FILM FOOTAGE","C D P I","$33,000","No",NA,0,0,1,0,0,0,1,2,1,0,1,0,0,1,1,0,2,0,0,0,0,1,0,0,0,0,0,0,0,1,1,0,0,0,0,1,0,0,0,0,0,0,1,0,0,0,0,0,0,0,0,0,0
"313","10-Nov-15","Phrase","BY APPOINTMENT","H M C O","$33,000","No",NA,0,0,1,1,0,0,1,0,0,0,1,0,0,0,1,2,1,2,0,0,0,2,0,0,0,1,0,0,0,1,0,0,0,0,1,0,0,0,0,1,0,1,0,0,0,0,0,0,0,0,0,0,0
"314","11-Nov-15","Living Thing","SOARING HAWK","P B D O","$40,000","No",NA,0,0,2,0,0,0,0,0,1,1,1,0,1,0,0,1,1,0,0,1,1,0,0,1,0,0,0,0,1,0,1,0,0,0,0,0,0,0,0,0,0,1,1,0,0,0,0,0,0,0,0,0,0
"315","12-Nov-15","What Are You Doing?","WARMING UP THE OVEN","P H G O","Car","No",NA,0,1,1,0,0,0,2,0,1,1,1,0,0,0,1,2,1,1,0,1,0,1,1,1,0,0,0,0,0,0,0,0,0,1,1,0,0,0,0,0,0,1,1,0,0,0,0,0,0,0,0,0,0
"316","13-Nov-15","Thing","HOT BATH","M C P A","$33,000","Yes",NA,1,0,1,1,0,0,0,0,0,2,0,0,0,0,0,0,1,0,0,0,0,2,0,0,0,0,0,1,0,1,0,0,0,0,0,0,0,0,0,1,0,0,1,0,0,0,0,0,0,0,0,0,0
"317","16-Nov-15","Thing","HAPPY CHILDHOOD","D C M A","$40,000","Yes",NA,1,0,1,0,1,2,0,0,0,3,1,0,0,1,0,0,2,2,0,0,0,0,0,0,0,1,0,1,0,1,1,0,0,0,0,0,0,0,0,1,0,0,0,0,0,0,0,0,0,0,0,0,0
"318","17-Nov-15","What Are You Doing?","VACUUMING THE HOUSE","D H C A F","$33,000","No",NA,0,3,1,0,1,0,2,0,1,2,1,0,0,0,1,1,1,0,0,0,1,1,1,0,0,0,0,1,0,1,1,0,1,0,1,0,0,0,0,0,0,0,0,0,0,0,0,0,0,0,0,0,0
"319","18-Nov-15","Thing","FROZEN ICE PACK","G P M I","$33,000","No",NA,0,0,1,0,2,0,2,1,0,0,1,0,1,0,0,1,1,1,0,1,0,0,0,0,0,0,1,0,0,0,0,0,0,1,0,1,0,0,0,1,0,0,1,0,0,0,0,0,0,0,0,0,0
"320","19-Nov-15","Things","MORNING DEWDROPS","M G C O","$33,000","No",NA,0,0,0,0,0,2,1,0,1,0,1,0,0,0,1,2,2,1,0,2,1,0,0,1,0,0,0,0,0,1,0,0,0,1,0,0,0,0,0,1,0,1,0,0,0,0,0,0,0,0,0,0,0
"321","20-Nov-15","Thing","A WORKING MODEL","C H M A","$33,000","No",NA,0,0,1,0,0,1,1,0,1,0,1,0,1,1,1,1,2,0,0,1,0,0,0,1,0,0,0,1,0,1,0,0,0,0,1,0,0,0,0,1,0,0,0,0,0,0,0,0,0,0,0,0,0
"322","23-Nov-15","Thing","PHILANTHROPY","D G C A","$33,000","Yes",NA,1,0,1,0,0,0,0,0,0,2,1,0,0,1,0,1,1,2,0,1,0,1,0,0,0,1,0,1,0,1,1,0,0,1,0,0,0,0,0,0,0,0,0,0,0,0,0,0,0,0,0,0,0
"323","24-Nov-15","Phrase","HAVE SOME FUN","C D M O P","$33,000","Yes",NA,1,1,1,0,0,0,2,1,0,1,0,0,0,0,1,1,1,0,0,0,1,0,1,0,0,0,0,0,0,1,1,0,0,0,0,0,0,0,0,1,0,1,1,0,0,0,0,0,0,0,0,0,0
"324","25-Nov-15","Phrase","OVERWHELMING FAVORITE","C D M I","SUV","No",NA,0,0,1,0,0,0,3,1,1,1,2,0,0,1,1,1,2,0,0,2,0,1,2,1,0,0,0,0,0,1,1,0,0,0,0,1,0,0,0,1,0,0,0,0,0,0,0,0,0,0,0,0,0
"325","30-Nov-15","Thing","PHOTOGRAPHY EXHIBIT","M H C O","$33,000","Yes",NA,1,0,1,1,0,0,1,0,1,3,2,0,0,0,0,0,2,2,0,1,0,2,0,0,1,1,0,0,0,1,0,0,0,0,1,0,0,0,0,1,0,1,0,0,0,0,0,0,0,0,0,0,0
"326","1-Dec-15","Thing","PROFITABILITY","C M G U H","$33,000","No",NA,0,0,1,1,0,0,0,1,0,0,3,0,0,1,0,0,1,1,0,1,0,2,0,0,0,1,0,0,0,1,0,0,0,1,1,0,0,0,0,1,0,0,0,0,0,0,0,1,0,0,0,0,0
"327","2-Dec-15","What Are You Doing?","WAITING ANXIOUSLY","G Y C I","$40,000","Yes",NA,1,1,2,0,0,0,0,0,1,0,3,0,0,1,0,2,1,0,0,0,1,1,0,1,1,1,0,0,0,1,0,0,0,1,0,1,0,0,0,0,0,0,0,0,0,0,0,0,0,0,0,1,0
"328","3-Dec-15","Food & Drink","FLAVORFUL APPETIZER","F P G A","$33,000","Yes",NA,1,1,2,0,0,0,2,2,0,0,1,0,0,2,0,0,1,2,0,2,0,1,1,0,0,0,1,1,0,0,0,0,1,1,0,0,0,0,0,0,0,0,1,0,0,0,0,0,0,0,0,0,0
"329","4-Dec-15","Thing","VOCAL HARMONY","P F G O","$33,000","No",NA,0,0,2,0,1,0,0,0,0,1,0,0,0,1,1,1,2,0,0,1,0,0,1,0,0,1,0,0,0,0,0,0,1,1,0,0,0,0,0,0,0,1,1,0,0,0,0,0,0,0,0,0,0
"330","7-Dec-15","Thing","PUFFY JACKET","D M P O","$33,000","No",NA,0,1,1,0,1,0,1,2,0,0,0,1,1,0,0,0,0,1,0,0,0,1,0,0,0,1,0,0,0,0,1,0,0,0,0,0,0,0,0,1,0,1,1,0,0,0,0,0,0,0,0,0,0
"331","8-Dec-15","Phrase","BUSY WITH HOUSEWORK","P C D A","$33,000","No",NA,0,2,0,1,0,0,1,0,0,2,1,0,1,0,0,0,2,0,0,1,2,1,0,2,0,1,0,1,0,1,1,0,0,0,0,0,0,0,0,0,0,0,1,0,0,0,0,0,0,0,0,0,0
"332","9-Dec-15","Phrase","AHEAD OF THE PACK","F P D A","$33,000","Yes",NA,1,0,3,0,1,1,2,1,0,2,0,0,1,0,0,0,1,1,0,0,0,1,0,0,0,0,0,1,0,0,1,0,1,0,0,0,0,0,0,0,0,0,1,0,0,0,0,0,0,0,0,0,0
"333","10-Dec-15","Phrase","WHAT A CRAZY DAY","H M P A","Convertible","No",NA,0,0,4,0,1,1,0,0,0,1,0,0,0,0,0,0,0,0,0,1,0,1,0,1,0,2,1,1,0,0,0,0,0,0,1,0,0,0,0,1,0,0,1,0,0,0,0,0,0,0,0,0,0
"334","14-Dec-15","Thing","UTILITY VEHICLE","H B M I","$33,000","No",NA,0,1,0,0,1,0,2,0,0,1,3,0,0,2,0,0,0,0,0,0,0,2,1,0,0,1,0,0,1,0,0,0,0,0,1,1,0,0,0,1,0,0,0,0,0,0,0,0,0,0,0,0,0
"335","15-Dec-15","Phrase","DOWNRIGHT HYSTERICAL","B C D I","$33,000","Yes",NA,1,0,1,0,1,1,1,0,1,2,2,0,0,1,0,1,1,0,0,2,1,2,0,1,0,1,0,0,1,1,1,0,0,0,0,1,0,0,0,0,0,0,0,0,0,0,0,0,0,0,0,0,0
"336","17-Dec-15","What Are You Doing?","JOINING A BOOK CLUB","C D M I","$45,000","No",NA,0,1,1,2,1,0,0,0,1,0,2,1,1,1,0,2,3,0,0,0,0,0,0,0,0,0,0,0,0,1,1,0,0,0,0,1,0,0,0,1,0,0,0,0,0,0,0,0,0,0,0,0,0
"337","18-Dec-15","Things","BASIC QUALIFICATIONS","P C M I","$33,000","No",NA,0,1,3,1,2,0,0,1,0,0,4,0,0,1,0,1,1,0,1,0,2,1,0,0,0,0,0,0,0,1,0,0,0,0,0,1,0,0,0,1,0,0,1,0,0,0,0,0,0,0,0,0,0
"338","21-Dec-15","Phrase","POP OPEN THE HOOD","H P D A","$33,000","Yes",NA,1,0,0,0,0,1,2,0,0,2,0,0,0,0,0,1,4,3,0,0,0,1,0,0,0,0,0,1,0,0,1,0,0,0,1,0,0,0,0,0,0,0,1,0,0,0,0,0,0,0,0,0,0
"339","22-Dec-15","Phrase","ON MY WAY HOME","M C D I","$33,000","Yes",NA,1,0,1,0,0,0,1,0,0,1,0,0,0,0,2,1,2,0,0,0,0,0,0,1,0,2,0,0,0,1,1,0,0,0,0,1,0,0,0,1,0,0,0,0,0,0,0,0,0,0,0,0,0
"340","23-Dec-15","Phrase","HOT AND JUICY","D H M A","$100,000","No",NA,0,1,1,0,1,1,0,0,0,1,1,1,0,0,0,1,1,0,0,0,0,1,0,0,0,1,0,1,0,0,1,0,0,0,1,0,0,0,0,1,0,0,0,0,0,0,0,0,0,0,0,0,0
"341","28-Dec-15","Thing","GUST OF AIR","H M C A","Convertible","No",NA,0,1,1,0,0,0,0,1,1,0,1,0,0,0,0,0,1,0,0,1,1,1,0,0,0,0,0,1,0,1,0,0,0,0,1,0,0,0,0,1,0,0,0,0,0,0,0,0,0,0,0,0,0
"342","29-Dec-15","Thing","A PACKAGE IN YOUR MAILBOX","P H G O","$33,000","No",NA,0,1,4,1,1,0,1,0,1,0,2,0,1,1,1,1,2,1,0,1,0,0,0,0,1,1,0,0,0,0,0,0,0,1,1,0,0,0,0,0,0,1,1,0,0,0,0,0,0,0,0,0,0
"343","30-Dec-15","What Are You Doing?","UPDATING MY WEBSITE","G P H O","Car","No",NA,0,1,1,1,0,1,2,0,1,0,2,0,0,0,1,1,0,1,0,0,1,2,0,1,0,1,0,0,0,0,0,0,0,1,1,0,0,0,0,0,0,1,1,0,0,0,0,0,0,0,0,0,0
"344","31-Dec-15","What Are You Doing?","DOWNLOADING A VIDEO","C D G I","Nissan Rogue","Yes",NA,1,0,2,0,0,3,1,0,1,0,2,0,0,1,0,2,3,0,0,0,0,0,1,1,0,0,0,0,0,1,1,0,0,1,0,1,0,0,0,0,0,0,0,0,0,0,0,0,0,0,0,0,0
"345","1-Jan-16","Phrase","I GOT A KICK OUT OF IT","H G B A C","$33,000","No",NA,0,1,1,0,1,0,0,1,1,0,3,0,2,0,0,0,3,0,0,0,0,3,0,0,0,0,0,1,1,1,0,0,0,1,1,0,0,0,0,0,0,0,0,0,0,0,0,0,0,0,0,0,0
"346","5-Jan-16","Thing","DISCIPLINED APPROACH","H M P O","$33,000","Yes",NA,1,0,2,0,2,2,1,0,0,1,3,0,0,1,0,1,1,3,0,1,1,0,0,0,0,0,0,0,0,0,0,0,0,0,1,0,0,0,0,1,0,1,1,0,0,0,0,0,0,0,0,0,0
"347","6-Jan-16","Things","A BUNCH OF COPIES","G D P O","$33,000","No",NA,0,1,1,1,2,0,1,1,0,1,1,0,0,0,0,1,2,1,0,0,1,0,0,0,0,0,0,0,0,0,1,0,0,1,0,0,0,0,0,0,0,1,1,0,0,0,0,0,0,0,0,0,0
"348","11-Jan-16","Place","OFFICE PARK","C K H A","$50,000","No",NA,0,0,1,0,1,0,1,2,0,0,1,0,1,0,0,0,1,1,0,1,0,0,0,0,0,0,0,1,0,1,0,0,0,0,1,0,0,1,0,0,0,0,0,0,0,0,0,0,0,0,0,0,0
"349","12-Jan-16","Thing","HUGE YACHT","H M G I","$33,000","No",NA,0,1,1,0,1,0,1,0,1,2,0,0,0,0,0,0,0,0,0,0,0,1,0,0,0,1,0,0,0,0,0,0,0,1,1,1,0,0,0,1,0,0,0,0,0,0,0,0,0,0,0,0,0
"350","13-Jan-16","Phrase","QUITE A HAUL","H P D A","$33,000","Yes",NA,1,2,2,0,0,0,1,0,0,1,1,0,0,1,0,0,0,0,1,0,0,1,0,0,0,0,0,1,0,0,1,0,0,0,1,0,0,0,0,0,0,0,1,0,0,0,0,0,0,0,0,0,0
"351","14-Jan-16","Thing","HOLIDAY WREATH","C P D A","$33,000","No",NA,0,0,2,0,0,1,1,0,0,2,1,0,0,1,0,0,1,0,0,1,0,1,0,1,0,1,0,1,0,1,1,0,0,0,0,0,0,0,0,0,0,0,1,0,0,0,0,0,0,0,0,0,0
"352","18-Jan-16","What Are You Doing?","FILLING MY QUOTA","Y F D A","$40,000","No",NA,0,1,1,0,0,0,0,1,1,0,2,0,0,2,1,1,1,0,1,0,0,1,0,0,0,1,0,1,0,0,1,0,1,0,0,0,0,0,0,0,0,0,0,0,0,0,0,0,0,0,0,1,0
"353","19-Jan-16","Thing","PIGEONHOLE","C P G A","$33,000","No",NA,0,0,0,0,0,0,2,0,1,1,1,0,0,1,0,1,2,1,0,0,0,0,0,0,0,0,0,1,0,1,0,0,0,1,0,0,0,0,0,0,0,0,1,0,0,0,0,0,0,0,0,0,0
"354","20-Jan-16","Phrase","MIX THINGS UP","H P C I","$33,000","No",NA,0,1,0,0,0,0,0,0,1,1,2,0,0,0,1,1,0,1,0,0,1,1,0,0,1,0,0,0,0,1,0,0,0,0,1,1,0,0,0,0,0,0,1,0,0,0,0,0,0,0,0,0,0
"355","21-Jan-16","What Are You Doing?","BROWSING THE AISLES","C G H I","$50,000","No",NA,0,0,1,1,0,0,2,0,1,1,2,0,0,1,0,1,1,0,0,1,3,1,0,1,0,0,0,0,0,1,0,0,0,1,1,1,0,0,0,0,0,0,0,0,0,0,0,0,0,0,0,0,0
"356","22-Jan-16","Thing","JOINT VENTURE","G D F U","$33,000","No",NA,0,1,0,0,0,0,2,0,0,0,1,1,0,0,0,2,1,0,0,1,0,2,1,0,0,0,0,0,0,0,1,0,1,1,0,0,0,0,0,0,0,0,0,0,0,0,0,1,0,0,0,0,0
"357","25-Jan-16","Thing","YOUR IMAGINATION","C H D A","$33,000","Yes",NA,1,1,2,0,0,0,0,0,1,0,3,0,0,0,1,2,2,0,0,1,0,1,0,0,0,1,0,1,0,1,1,0,0,0,1,0,0,0,0,0,0,0,0,0,0,0,0,0,0,0,0,0,0
"358","26-Jan-16","Phrase","JUST ABOVE A WHISPER","F C D A","$33,000","No",NA,0,1,2,1,0,0,2,0,0,1,1,1,0,0,0,0,1,1,0,1,2,1,1,1,0,0,0,1,0,1,1,0,1,0,0,0,0,0,0,0,0,0,0,0,0,0,0,0,0,0,0,0,0
"359","1-Feb-16","Thing","DYNAMIC VOICE","C P M O","Convertible","No",NA,0,0,1,0,2,1,1,0,0,0,2,0,0,0,1,1,1,0,0,0,0,0,1,0,0,1,0,0,0,1,0,0,0,0,0,0,0,0,0,1,0,1,1,0,0,0,0,0,0,0,0,0,0
"360","2-Feb-16","Person","AMAZING PIANIST","G D P O","$33,000","No",NA,0,0,3,0,0,0,0,0,1,0,3,0,0,0,1,2,0,1,0,0,1,1,0,0,0,0,1,0,0,0,1,0,0,1,0,0,0,0,0,0,0,1,1,0,0,0,0,0,0,0,0,0,0
"361","3-Feb-16","Phrase","ON OUR WAY TO THE GYM","F H C I","$33,000","No",NA,0,1,1,0,0,0,1,0,1,1,0,0,0,0,1,1,3,0,0,1,0,2,0,1,0,2,0,0,0,1,0,0,1,0,1,1,0,0,0,0,0,0,0,0,0,0,0,0,0,0,0,0,0
"362","4-Feb-16","Thing","FLOPPY HAT","C H D A","$33,000","No",NA,0,0,1,0,0,0,0,1,0,1,0,0,0,1,0,0,1,2,0,0,0,1,0,0,0,1,0,1,0,1,1,0,0,0,1,0,0,0,0,0,0,0,0,0,0,0,0,0,0,0,0,0,0
"363","5-Feb-16","Phrase","OVER THE HUMP","H V P O","$33,000","No",NA,0,1,0,0,0,0,2,0,0,2,0,0,0,0,1,0,1,1,0,1,0,1,1,0,0,0,0,0,0,0,0,0,0,0,1,0,0,0,0,0,0,1,1,0,0,0,0,0,1,0,0,0,0
"364","8-Feb-16","Person","PROUD OWNER","P D I M","$33,000","Yes",NA,1,1,0,0,0,1,1,0,0,0,0,0,0,0,0,1,2,1,0,2,0,0,0,1,0,0,0,0,0,0,1,0,0,0,0,1,0,0,0,1,0,0,1,0,0,0,0,0,0,0,0,0,0
"365","9-Feb-16","Thing","FUDGE BROWNIE RECIPE","D M G A","$33,000","Yes",NA,1,1,0,1,1,1,4,1,1,0,2,0,0,0,0,1,1,1,0,2,0,0,0,1,0,0,0,1,0,0,1,0,0,1,0,0,0,0,0,1,0,0,0,0,0,0,0,0,0,0,0,0,0
"366","10-Feb-16","Phrase","IN GOOD COMPANY","P D O M","$33,000","Yes",NA,1,0,1,0,1,1,0,0,1,0,1,0,0,0,1,2,3,1,0,0,0,0,0,0,0,1,0,0,0,0,1,0,0,0,0,0,0,0,0,1,0,1,1,0,0,0,0,0,0,0,0,0,0
"367","11-Feb-16","Things","PACKAGING SUPPLIES","D M C I","$33,000","No",NA,0,1,2,0,1,0,1,0,2,0,2,0,1,1,0,1,0,3,0,0,2,0,0,0,0,0,0,0,0,1,1,0,0,0,0,1,0,0,0,1,0,0,0,0,0,0,0,0,0,0,0,0,0
"368","15-Feb-16","Phrase","SHAKE OFF THE COBWEBS","M G P O","$33,000","No",NA,0,0,1,2,1,0,3,2,0,2,0,0,1,0,0,0,2,0,0,0,2,1,0,1,0,0,0,0,0,0,0,0,0,1,0,0,0,0,0,1,0,1,1,0,0,0,0,0,0,0,0,0,0
"369","16-Feb-16","Thing","HEROIC JOURNEY","C D P O","$33,000","No",NA,0,1,0,0,1,0,2,0,0,1,1,1,0,0,0,1,2,0,0,2,0,0,0,0,0,1,0,0,0,1,1,0,0,0,0,0,0,0,0,0,0,1,1,0,0,0,0,0,0,0,0,0,0
"370","17-Feb-16","Phrase","IT BOILS DOWN TO THIS","P H G O","$33,000","Yes",NA,1,0,0,1,0,1,0,0,0,1,3,0,0,1,0,1,3,0,0,0,2,3,0,1,0,0,0,0,0,0,0,0,0,1,1,0,0,0,0,0,0,1,1,0,0,0,0,0,0,0,0,0,0
"371","18-Feb-16","Phrase","PAVED THE WAY","M D B I","$45,000","No",NA,0,0,2,0,0,1,2,0,0,1,0,0,0,0,0,0,0,1,0,0,0,1,1,1,0,1,0,0,1,0,1,0,0,0,0,1,0,0,0,1,0,0,0,0,0,0,0,0,0,0,0,0,0
"372","22-Feb-16","Thing","MAGIC POWER","G H F O","$33,000","No",NA,0,0,1,0,1,0,1,0,1,0,1,0,0,0,1,0,1,1,0,1,0,0,0,1,0,0,0,0,0,0,0,0,1,1,1,0,0,0,0,0,0,1,0,0,0,0,0,0,0,0,0,0,0
"373","23-Feb-16","Thing","PAISLEY FABRIC","C H D A","$45,000","No",NA,0,0,2,1,1,0,1,1,0,0,2,0,0,1,0,0,0,1,0,1,1,0,0,0,0,1,0,1,0,1,1,0,0,0,1,0,0,0,0,0,0,0,0,0,0,0,0,0,0,0,0,0,0
"374","24-Feb-16","Place","OFFICE CUBICLE","C M D O","Lincoln MKC","Yes",NA,1,1,0,1,3,0,2,2,0,0,2,0,0,1,0,0,1,0,0,0,0,0,0,0,0,0,0,0,0,1,1,0,0,0,0,0,0,0,0,1,0,1,0,0,0,0,0,0,0,0,0,0,0
"375","25-Feb-16","Phrase","QUITE CURIOUS","H C M O D","$33,000","Yes",NA,1,3,0,0,1,0,1,0,0,0,2,0,0,0,0,0,1,0,1,1,1,1,0,0,0,0,0,0,0,1,1,0,0,0,1,0,0,0,0,1,0,1,0,0,0,0,0,0,0,0,0,0,0
"376","26-Feb-16","Person","AMAZING KID","C P B A","$33,000","No",NA,0,0,2,0,0,1,0,0,1,0,2,0,1,0,1,1,0,0,0,0,0,0,0,0,0,0,1,1,1,1,0,0,0,0,0,0,0,0,0,0,0,0,1,0,0,0,0,0,0,0,0,0,0
"377","29-Feb-16","Thing","MY BIG BREAK","H D G A","$33,000","No",NA,0,0,1,2,0,0,1,0,1,0,1,0,1,0,1,0,0,0,0,1,0,0,0,0,0,1,0,1,0,0,1,0,0,1,1,0,0,0,0,0,0,0,0,0,0,0,0,0,0,0,0,0,0
